player_name,over,total_wickets
A Ashish Reddy,7,1
A Ashish Reddy,12,3
A Ashish Reddy,13,4
A Ashish Reddy,15,3
A Ashish Reddy,16,4
A Ashish Reddy,18,2
A Ashish Reddy,19,2
A Badoni,11,2
A Chandila,0,5
A Chandila,2,3
A Chandila,4,2
A Chandila,12,1
A Choudhary,0,2
A Choudhary,1,1
A Choudhary,6,1
A Choudhary,18,1
A Flintoff,6,1
A Flintoff,19,1
A Kamboj,4,1
A Kamboj,7,1
A Kumble,0,2
A Kumble,5,1
A Kumble,6,2
A Kumble,8,5
A Kumble,9,5
A Kumble,10,2
A Kumble,11,4
A Kumble,12,3
A Kumble,13,6
A Kumble,14,1
A Kumble,15,3
A Kumble,16,6
A Kumble,17,2
A Kumble,18,4
A Kumble,19,3
A Mishra,0,1
A Mishra,3,4
A Mishra,4,1
A Mishra,6,17
A Mishra,7,11
A Mishra,8,26
A Mishra,9,12
A Mishra,10,14
A Mishra,11,17
A Mishra,12,10
A Mishra,13,16
A Mishra,14,9
A Mishra,15,15
A Mishra,16,9
A Mishra,17,8
A Mishra,18,7
A Mishra,19,6
A Mithun,4,1
A Mithun,9,1
A Mithun,10,1
A Mithun,16,1
A Mithun,17,1
A Mithun,18,1
A Mithun,19,2
A Nehra,0,6
A Nehra,1,11
A Nehra,2,6
A Nehra,3,13
A Nehra,4,7
A Nehra,5,2
A Nehra,7,1
A Nehra,10,1
A Nehra,11,2
A Nehra,12,2
A Nehra,13,3
A Nehra,14,4
A Nehra,15,9
A Nehra,16,11
A Nehra,17,11
A Nehra,18,15
A Nehra,19,17
A Nel,4,1
A Nortje,0,3
A Nortje,1,4
A Nortje,2,3
A Nortje,3,3
A Nortje,4,4
A Nortje,5,5
A Nortje,7,1
A Nortje,8,1
A Nortje,10,2
A Nortje,11,2
A Nortje,12,1
A Nortje,13,2
A Nortje,14,2
A Nortje,15,6
A Nortje,16,4
A Nortje,17,4
A Nortje,18,11
A Nortje,19,4
A Singh,0,2
A Singh,1,4
A Singh,2,1
A Singh,3,3
A Singh,4,2
A Singh,5,1
A Singh,11,1
A Singh,16,2
A Singh,17,3
A Singh,18,5
A Singh,19,7
A Symonds,2,2
A Symonds,4,2
A Symonds,5,1
A Symonds,6,1
A Symonds,7,1
A Symonds,9,2
A Symonds,10,3
A Symonds,11,1
A Symonds,14,4
A Symonds,16,1
A Symonds,18,3
A Symonds,19,2
A Uniyal,3,1
A Uniyal,16,1
A Uniyal,18,1
A Zampa,4,1
A Zampa,5,2
A Zampa,8,3
A Zampa,9,2
A Zampa,10,2
A Zampa,11,3
A Zampa,12,2
A Zampa,13,1
A Zampa,14,3
A Zampa,15,6
A Zampa,17,2
A Zampa,18,2
A Zampa,19,3
AA Chavan,0,1
AA Chavan,2,2
AA Chavan,7,1
AA Chavan,14,1
AA Chavan,15,2
AA Chavan,16,1
AA Jhunjhunwala,14,1
AA Kazi,13,1
AA Noffke,17,1
AB Agarkar,2,2
AB Agarkar,4,1
AB Agarkar,5,3
AB Agarkar,6,3
AB Agarkar,7,3
AB Agarkar,8,4
AB Agarkar,9,3
AB Agarkar,10,1
AB Agarkar,11,1
AB Agarkar,12,2
AB Agarkar,14,1
AB Agarkar,16,1
AB Agarkar,17,3
AB Agarkar,18,1
AB Agarkar,19,4
AB Dinda,0,6
AB Dinda,1,3
AB Dinda,2,11
AB Dinda,3,6
AB Dinda,4,8
AB Dinda,5,2
AB Dinda,7,2
AB Dinda,9,2
AB Dinda,10,1
AB Dinda,11,2
AB Dinda,12,3
AB Dinda,13,1
AB Dinda,15,3
AB Dinda,16,5
AB Dinda,17,6
AB Dinda,18,9
AB Dinda,19,12
AB McDonald,4,2
AB McDonald,5,1
AB McDonald,6,1
AB McDonald,8,1
AB McDonald,10,2
AB McDonald,13,2
AB McDonald,14,1
AB McDonald,16,1
AB McDonald,19,3
AC Gilchrist,19,1
AC Thomas,0,3
AC Thomas,2,4
AC Thomas,4,1
AC Thomas,9,2
AC Thomas,14,1
AC Thomas,16,1
AC Thomas,17,2
AC Thomas,18,1
AC Thomas,19,1
AC Voges,13,1
AD Mascarenhas,0,2
AD Mascarenhas,2,2
AD Mascarenhas,3,5
AD Mascarenhas,4,1
AD Mascarenhas,5,2
AD Mascarenhas,6,2
AD Mascarenhas,12,1
AD Mascarenhas,13,2
AD Mascarenhas,17,2
AD Mathews,2,1
AD Mathews,4,4
AD Mathews,5,1
AD Mathews,6,2
AD Mathews,7,1
AD Mathews,8,2
AD Mathews,11,2
AD Mathews,12,2
AD Mathews,13,3
AD Mathews,15,1
AD Mathews,16,3
AD Mathews,17,2
AD Mathews,18,1
AD Mathews,19,3
AD Russell,0,3
AD Russell,1,1
AD Russell,2,4
AD Russell,4,8
AD Russell,5,7
AD Russell,6,3
AD Russell,7,5
AD Russell,8,6
AD Russell,9,6
AD Russell,10,7
AD Russell,11,6
AD Russell,12,6
AD Russell,13,2
AD Russell,14,8
AD Russell,15,4
AD Russell,16,5
AD Russell,17,15
AD Russell,18,15
AD Russell,19,19
AF Milne,1,2
AF Milne,5,1
AF Milne,10,1
AF Milne,15,1
AF Milne,17,2
AF Milne,19,2
AG Murtaza,4,2
AG Murtaza,5,1
AG Murtaza,7,3
AG Murtaza,8,1
AG Murtaza,9,1
AG Murtaza,11,1
AG Murtaza,14,3
AJ Finch,8,1
AJ Hosein,13,1
AJ Tye,2,1
AJ Tye,3,2
AJ Tye,4,3
AJ Tye,5,7
AJ Tye,9,2
AJ Tye,10,1
AJ Tye,11,2
AJ Tye,12,1
AJ Tye,14,2
AJ Tye,15,3
AJ Tye,16,2
AJ Tye,17,5
AJ Tye,18,6
AJ Tye,19,11
AK Markram,11,1
AK Markram,14,1
AL Menaria,4,1
AL Menaria,8,1
AL Menaria,14,1
AM Nayar,6,1
AM Nayar,7,1
AM Nayar,9,1
AM Nayar,10,1
AM Nayar,12,2
AM Nayar,13,2
AM Nayar,19,1
AM Rahane,14,1
AM Salvi,2,1
AM Salvi,6,1
AM Salvi,11,1
AM Salvi,12,1
AM Salvi,14,1
AM Salvi,16,1
AM Salvi,19,1
AN Ahmed,3,3
AN Ahmed,9,1
AN Ahmed,10,1
AN Ahmed,12,1
AN Ahmed,15,1
AN Ahmed,16,1
AN Ahmed,18,2
AN Ahmed,19,5
AP Dole,2,1
AP Dole,4,1
AP Dole,11,2
AP Dole,17,1
AR Patel,0,2
AR Patel,2,2
AR Patel,3,5
AR Patel,4,5
AR Patel,5,5
AR Patel,6,15
AR Patel,7,6
AR Patel,8,9
AR Patel,9,11
AR Patel,10,11
AR Patel,11,12
AR Patel,12,10
AR Patel,13,12
AR Patel,14,5
AR Patel,15,6
AR Patel,16,8
AR Patel,17,7
AR Patel,19,1
AS Joseph,4,1
AS Joseph,5,1
AS Joseph,6,1
AS Joseph,8,2
AS Joseph,11,2
AS Joseph,13,1
AS Joseph,14,1
AS Joseph,15,4
AS Joseph,16,2
AS Joseph,17,4
AS Joseph,18,1
AS Joseph,19,2
AS Rajpoot,0,2
AS Rajpoot,2,2
AS Rajpoot,3,1
AS Rajpoot,4,4
AS Rajpoot,8,3
AS Rajpoot,9,1
AS Rajpoot,12,1
AS Rajpoot,14,1
AS Rajpoot,15,1
AS Rajpoot,17,1
AS Rajpoot,18,1
AS Rajpoot,19,6
AS Roy,5,1
AS Roy,6,1
AS Roy,8,1
AS Roy,9,1
AS Roy,13,1
AS Roy,15,1
AU Rashid,14,2
Abdul Samad,8,1
Abdul Samad,14,1
Abhishek Sharma,6,1
Abhishek Sharma,7,1
Abhishek Sharma,8,1
Abhishek Sharma,11,2
Abhishek Sharma,12,3
Abhishek Sharma,13,2
Abhishek Sharma,15,1
Akash Deep,1,1
Akash Deep,2,1
Akash Deep,3,1
Akash Deep,5,2
Akash Deep,8,1
Akash Deep,9,2
Akash Deep,14,1
Akash Deep,15,1
Akash Deep,18,1
Akash Madhwal,1,2
Akash Madhwal,3,2
Akash Madhwal,4,1
Akash Madhwal,6,1
Akash Madhwal,9,3
Akash Madhwal,11,1
Akash Madhwal,12,1
Akash Madhwal,13,1
Akash Madhwal,14,2
Akash Madhwal,16,4
Akash Madhwal,18,3
Akash Madhwal,19,1
Akash Singh,0,2
Akash Singh,4,1
Akash Singh,14,1
Akash Singh,18,1
Anand Rajan,8,1
Anand Rajan,9,1
Anand Rajan,10,1
Anand Rajan,15,2
Anand Rajan,18,2
Anand Rajan,19,3
Ankit Sharma,0,2
Ankit Sharma,2,3
Ankit Sharma,4,1
Ankit Sharma,6,1
Ankit Sharma,9,1
Ankit Sharma,10,1
Ankit Sharma,12,1
Ankit Sharma,14,2
Ankit Soni,3,1
Ankit Soni,9,2
Ankit Soni,13,1
Anureet Singh,1,2
Anureet Singh,2,1
Anureet Singh,3,2
Anureet Singh,4,1
Anureet Singh,5,1
Anureet Singh,7,1
Anureet Singh,9,1
Anureet Singh,10,1
Anureet Singh,13,1
Anureet Singh,16,1
Anureet Singh,17,1
Anureet Singh,18,2
Anureet Singh,19,6
Arjun Tendulkar,2,1
Arjun Tendulkar,6,1
Arjun Tendulkar,19,2
Arshad Khan,0,1
Arshad Khan,1,3
Arshad Khan,9,1
Arshad Khan,14,1
Arshad Khan,16,1
Arshad Khan,19,1
Arshdeep Singh,0,2
Arshdeep Singh,1,5
Arshdeep Singh,2,3
Arshdeep Singh,3,10
Arshdeep Singh,4,4
Arshdeep Singh,5,6
Arshdeep Singh,9,1
Arshdeep Singh,10,1
Arshdeep Singh,11,2
Arshdeep Singh,12,4
Arshdeep Singh,13,3
Arshdeep Singh,14,2
Arshdeep Singh,15,2
Arshdeep Singh,16,7
Arshdeep Singh,17,8
Arshdeep Singh,18,12
Arshdeep Singh,19,19
Ashwani Kumar,3,1
Ashwani Kumar,10,2
Ashwani Kumar,12,1
Ashwani Kumar,15,1
Avesh Khan,0,2
Avesh Khan,1,3
Avesh Khan,2,2
Avesh Khan,3,4
Avesh Khan,4,4
Avesh Khan,5,6
Avesh Khan,6,2
Avesh Khan,7,1
Avesh Khan,8,1
Avesh Khan,9,2
Avesh Khan,10,1
Avesh Khan,11,3
Avesh Khan,12,5
Avesh Khan,13,2
Avesh Khan,14,4
Avesh Khan,15,7
Avesh Khan,16,5
Avesh Khan,17,10
Avesh Khan,18,11
Avesh Khan,19,9
Azhar Mahmood,1,3
Azhar Mahmood,4,1
Azhar Mahmood,5,2
Azhar Mahmood,6,1
Azhar Mahmood,7,3
Azhar Mahmood,8,1
Azhar Mahmood,9,1
Azhar Mahmood,14,1
Azhar Mahmood,15,1
Azhar Mahmood,16,3
Azhar Mahmood,17,3
Azhar Mahmood,18,2
Azhar Mahmood,19,9
Azmatullah Omarzai,0,1
Azmatullah Omarzai,2,1
Azmatullah Omarzai,4,1
Azmatullah Omarzai,8,1
B Akhil,6,1
B Akhil,8,1
B Akhil,13,2
B Akhil,14,1
B Akhil,15,1
B Akhil,16,1
B Geeves,3,1
B Geeves,14,1
B Kumar,0,29
B Kumar,1,9
B Kumar,2,22
B Kumar,3,6
B Kumar,4,10
B Kumar,5,5
B Kumar,7,3
B Kumar,9,1
B Kumar,10,1
B Kumar,11,1
B Kumar,12,1
B Kumar,13,1
B Kumar,14,2
B Kumar,15,15
B Kumar,16,13
B Kumar,17,19
B Kumar,18,26
B Kumar,19,36
B Laughlin,3,1
B Laughlin,4,1
B Laughlin,5,1
B Laughlin,10,1
B Laughlin,14,1
B Laughlin,15,2
B Laughlin,17,1
B Laughlin,19,2
B Lee,0,1
B Lee,1,1
B Lee,2,10
B Lee,7,1
B Lee,10,1
B Lee,13,1
B Lee,14,1
B Lee,15,2
B Lee,16,5
B Lee,18,6
B Lee,19,1
B Stanlake,1,1
B Stanlake,5,1
B Stanlake,7,1
B Stanlake,8,1
B Stanlake,10,1
B Stanlake,13,1
B Stanlake,14,1
BA Bhatt,1,2
BA Bhatt,4,2
BA Bhatt,10,1
BA Bhatt,11,1
BA Bhatt,12,3
BA Bhatt,13,1
BA Bhatt,14,1
BA Bhatt,17,1
BA Bhatt,19,1
BA Stokes,1,1
BA Stokes,3,2
BA Stokes,4,5
BA Stokes,5,1
BA Stokes,9,1
BA Stokes,11,1
BA Stokes,12,2
BA Stokes,14,2
BA Stokes,15,4
BA Stokes,16,1
BA Stokes,17,2
BA Stokes,18,3
BA Stokes,19,6
BAW Mendis,1,1
BAW Mendis,4,1
BAW Mendis,8,2
BAW Mendis,11,1
BAW Mendis,12,1
BAW Mendis,15,2
BAW Mendis,16,1
BB Sran,0,1
BB Sran,1,2
BB Sran,3,2
BB Sran,4,1
BB Sran,10,1
BB Sran,12,1
BB Sran,13,3
BB Sran,14,2
BB Sran,16,3
BB Sran,17,1
BB Sran,18,2
BB Sran,19,1
BCJ Cutting,9,1
BCJ Cutting,10,1
BCJ Cutting,11,2
BCJ Cutting,12,2
BCJ Cutting,13,2
BCJ Cutting,14,1
BCJ Cutting,15,1
BCJ Cutting,17,1
BCJ Cutting,19,1
BE Hendricks,1,1
BE Hendricks,7,1
BE Hendricks,14,1
BE Hendricks,15,1
BE Hendricks,16,1
BE Hendricks,17,4
BE Hendricks,18,2
BJ Hodge,8,1
BJ Hodge,9,5
BJ Hodge,10,1
BJ Hodge,11,5
BJ Hodge,13,3
BJ Hodge,15,3
BMAJ Mendis,6,1
BW Hilfenhaus,0,2
BW Hilfenhaus,1,2
BW Hilfenhaus,2,6
BW Hilfenhaus,4,1
BW Hilfenhaus,5,2
BW Hilfenhaus,9,1
BW Hilfenhaus,12,1
BW Hilfenhaus,14,1
BW Hilfenhaus,15,1
BW Hilfenhaus,17,1
BW Hilfenhaus,18,2
BW Hilfenhaus,19,3
Basil Thampi,1,1
Basil Thampi,3,1
Basil Thampi,8,1
Basil Thampi,9,2
Basil Thampi,11,1
Basil Thampi,12,1
Basil Thampi,13,1
Basil Thampi,14,2
Basil Thampi,16,3
Basil Thampi,18,4
Basil Thampi,19,9
Bipul Sharma,1,1
Bipul Sharma,2,1
Bipul Sharma,3,2
Bipul Sharma,4,1
Bipul Sharma,6,3
Bipul Sharma,7,3
Bipul Sharma,8,2
Bipul Sharma,11,3
Bipul Sharma,13,4
Bipul Sharma,14,1
Bipul Sharma,15,1
C Green,1,1
C Green,2,1
C Green,5,1
C Green,8,2
C Green,9,1
C Green,10,2
C Green,11,1
C Green,12,1
C Green,13,3
C Green,14,2
C Green,15,3
C Green,17,2
C Nanda,6,1
C Nanda,9,1
C Sakariya,1,1
C Sakariya,2,2
C Sakariya,3,2
C Sakariya,4,1
C Sakariya,8,1
C Sakariya,11,2
C Sakariya,13,2
C Sakariya,14,1
C Sakariya,16,1
C Sakariya,17,3
C Sakariya,18,1
C Sakariya,19,3
C de Grandhomme,7,1
C de Grandhomme,8,1
C de Grandhomme,9,2
C de Grandhomme,11,2
C de Grandhomme,12,1
CH Gayle,0,2
CH Gayle,4,1
CH Gayle,8,2
CH Gayle,10,2
CH Gayle,14,3
CH Gayle,15,1
CH Gayle,18,2
CH Gayle,19,6
CH Morris,0,3
CH Morris,1,5
CH Morris,2,1
CH Morris,3,5
CH Morris,4,2
CH Morris,5,9
CH Morris,6,1
CH Morris,9,3
CH Morris,10,3
CH Morris,11,3
CH Morris,12,1
CH Morris,13,3
CH Morris,14,4
CH Morris,15,3
CH Morris,16,11
CH Morris,17,15
CH Morris,18,19
CH Morris,19,16
CJ Anderson,2,1
CJ Anderson,3,1
CJ Anderson,6,1
CJ Anderson,11,1
CJ Anderson,12,2
CJ Anderson,13,1
CJ Anderson,15,1
CJ Anderson,17,1
CJ Anderson,18,2
CJ Anderson,19,3
CJ Jordan,0,1
CJ Jordan,1,2
CJ Jordan,2,1
CJ Jordan,3,1
CJ Jordan,5,1
CJ Jordan,6,3
CJ Jordan,8,1
CJ Jordan,9,2
CJ Jordan,10,1
CJ Jordan,11,1
CJ Jordan,12,2
CJ Jordan,13,1
CJ Jordan,14,1
CJ Jordan,15,2
CJ Jordan,16,4
CJ Jordan,17,3
CJ Jordan,18,4
CJ Jordan,19,5
CJ McKay,7,1
CK Langeveldt,1,2
CK Langeveldt,2,1
CK Langeveldt,3,3
CK Langeveldt,9,1
CK Langeveldt,12,2
CK Langeveldt,17,1
CK Langeveldt,18,1
CK Langeveldt,19,2
CL White,11,1
CR Brathwaite,5,1
CR Brathwaite,7,1
CR Brathwaite,9,1
CR Brathwaite,10,1
CR Brathwaite,11,2
CR Brathwaite,12,1
CR Brathwaite,13,2
CR Brathwaite,15,1
CR Brathwaite,16,2
CR Brathwaite,17,1
CR Brathwaite,19,3
CR Woakes,1,1
CR Woakes,2,3
CR Woakes,4,1
CR Woakes,5,1
CR Woakes,6,3
CR Woakes,8,3
CR Woakes,10,1
CR Woakes,12,1
CR Woakes,14,1
CR Woakes,15,1
CR Woakes,16,3
CR Woakes,17,2
CR Woakes,18,5
CR Woakes,19,5
CRD Fernando,3,1
CRD Fernando,4,3
CRD Fernando,5,3
CRD Fernando,7,3
CRD Fernando,11,1
CRD Fernando,14,1
CRD Fernando,16,1
CRD Fernando,17,3
CRD Fernando,18,1
CRD Fernando,19,2
CV Varun,1,3
CV Varun,3,3
CV Varun,4,3
CV Varun,5,4
CV Varun,7,10
CV Varun,8,6
CV Varun,9,3
CV Varun,10,8
CV Varun,11,9
CV Varun,12,10
CV Varun,13,6
CV Varun,14,10
CV Varun,15,8
CV Varun,16,3
CV Varun,17,4
CV Varun,19,1
D Brevis,18,1
D Jansen,18,1
D Kalyankrishna,6,1
D Kalyankrishna,9,1
D Pretorius,10,1
D Pretorius,14,3
D Pretorius,15,1
D Pretorius,18,1
D Pretorius,19,1
D Salunkhe,7,1
D Wiese,2,2
D Wiese,3,1
D Wiese,5,3
D Wiese,8,1
D Wiese,9,1
D Wiese,13,1
D Wiese,16,2
D Wiese,18,6
D du Preez,3,2
D du Preez,5,1
D du Preez,13,1
DAJ Bracewell,7,1
DAJ Bracewell,19,2
DB Ravi Teja,11,1
DE Bollinger,1,3
DE Bollinger,3,6
DE Bollinger,5,2
DE Bollinger,8,2
DE Bollinger,12,2
DE Bollinger,15,2
DE Bollinger,16,1
DE Bollinger,17,4
DE Bollinger,18,8
DE Bollinger,19,13
DG Nalkande,12,1
DG Nalkande,13,2
DG Nalkande,14,2
DG Nalkande,19,1
DJ Bravo,1,1
DJ Bravo,2,2
DJ Bravo,3,3
DJ Bravo,4,1
DJ Bravo,5,6
DJ Bravo,6,9
DJ Bravo,7,5
DJ Bravo,8,6
DJ Bravo,9,5
DJ Bravo,10,5
DJ Bravo,11,9
DJ Bravo,12,8
DJ Bravo,13,12
DJ Bravo,14,5
DJ Bravo,15,15
DJ Bravo,16,12
DJ Bravo,17,37
DJ Bravo,18,18
DJ Bravo,19,48
DJ Hooda,1,1
DJ Hooda,5,1
DJ Hooda,6,1
DJ Hooda,7,2
DJ Hooda,9,2
DJ Hooda,10,1
DJ Hooda,11,1
DJ Hooda,17,1
DJ Hussey,9,1
DJ Hussey,10,2
DJ Hussey,11,2
DJ Hussey,12,1
DJ Hussey,13,1
DJ Hussey,14,1
DJ Hussey,17,1
DJ Hussey,19,1
DJ Mitchell,7,1
DJ Muthuswami,4,3
DJ Muthuswami,16,1
DJ Thornely,10,1
DJ Thornely,12,1
DJ Thornely,14,1
DJ Willey,1,1
DJ Willey,3,2
DJ Willey,11,1
DJ Willey,14,1
DJ Willey,17,1
DJ Willey,18,1
DJG Sammy,5,1
DJG Sammy,7,4
DJG Sammy,9,2
DJG Sammy,10,1
DJG Sammy,12,1
DJG Sammy,14,1
DJG Sammy,16,1
DJG Sammy,17,1
DJG Sammy,19,2
DJM Short,7,1
DL Chahar,0,14
DL Chahar,1,3
DL Chahar,2,25
DL Chahar,3,1
DL Chahar,4,16
DL Chahar,5,4
DL Chahar,6,1
DL Chahar,8,1
DL Chahar,10,1
DL Chahar,13,4
DL Chahar,17,2
DL Chahar,18,10
DL Chahar,19,2
DL Vettori,5,2
DL Vettori,6,3
DL Vettori,7,1
DL Vettori,8,1
DL Vettori,9,3
DL Vettori,10,8
DL Vettori,11,1
DL Vettori,12,2
DL Vettori,13,3
DL Vettori,14,1
DL Vettori,15,3
DL Vettori,16,1
DL Vettori,17,1
DL Vettori,18,4
DNT Zoysa,10,1
DNT Zoysa,16,1
DP Nannes,0,6
DP Nannes,1,3
DP Nannes,2,7
DP Nannes,4,1
DP Nannes,15,1
DP Nannes,16,4
DP Nannes,17,4
DP Nannes,18,6
DP Nannes,19,6
DP Vijaykumar,0,2
DP Vijaykumar,3,1
DP Vijaykumar,18,1
DR Sams,0,3
DR Sams,2,3
DR Sams,4,1
DR Sams,5,1
DR Sams,10,1
DR Sams,12,2
DR Sams,14,2
DR Sams,18,1
DR Sams,19,1
DR Smith,4,4
DR Smith,5,1
DR Smith,6,1
DR Smith,8,1
DR Smith,9,2
DR Smith,10,3
DR Smith,11,2
DR Smith,12,1
DR Smith,13,5
DR Smith,15,3
DR Smith,16,1
DR Smith,18,1
DR Smith,19,2
DS Kulkarni,0,5
DS Kulkarni,1,13
DS Kulkarni,2,1
DS Kulkarni,3,13
DS Kulkarni,4,7
DS Kulkarni,5,7
DS Kulkarni,6,1
DS Kulkarni,7,4
DS Kulkarni,8,3
DS Kulkarni,9,1
DS Kulkarni,10,1
DS Kulkarni,11,1
DS Kulkarni,13,7
DS Kulkarni,14,3
DS Kulkarni,15,4
DS Kulkarni,16,2
DS Kulkarni,17,5
DS Kulkarni,18,8
DS Kulkarni,19,5
DS Rathi,2,1
DS Rathi,5,1
DS Rathi,6,1
DS Rathi,8,1
DS Rathi,10,1
DS Rathi,15,1
DS Rathi,16,1
DT Christian,2,1
DT Christian,4,3
DT Christian,5,4
DT Christian,7,1
DT Christian,8,1
DT Christian,9,2
DT Christian,10,3
DT Christian,11,1
DT Christian,12,4
DT Christian,13,2
DT Christian,14,5
DT Christian,15,3
DT Christian,16,2
DT Christian,17,4
DT Christian,19,4
DW Steyn,0,11
DW Steyn,1,6
DW Steyn,2,8
DW Steyn,3,6
DW Steyn,4,3
DW Steyn,5,2
DW Steyn,6,1
DW Steyn,8,1
DW Steyn,10,1
DW Steyn,11,5
DW Steyn,12,2
DW Steyn,13,1
DW Steyn,14,3
DW Steyn,15,7
DW Steyn,16,15
DW Steyn,17,7
DW Steyn,18,16
DW Steyn,19,10
FA Allen,5,1
FA Allen,10,1
FH Edwards,0,4
FH Edwards,16,1
FH Edwards,18,1
FY Fazal,15,1
Fazalhaq Farooqi,2,1
Fazalhaq Farooqi,4,1
Fazalhaq Farooqi,5,1
Fazalhaq Farooqi,12,2
Fazalhaq Farooqi,17,1
G Coetzee,0,1
G Coetzee,1,1
G Coetzee,2,1
G Coetzee,7,1
G Coetzee,11,2
G Coetzee,15,1
G Coetzee,17,2
G Coetzee,19,4
GB Hogg,3,1
GB Hogg,4,1
GB Hogg,5,3
GB Hogg,6,1
GB Hogg,7,1
GB Hogg,8,2
GB Hogg,9,2
GB Hogg,10,1
GB Hogg,11,2
GB Hogg,13,2
GB Hogg,14,2
GB Hogg,15,1
GB Hogg,16,2
GB Hogg,17,1
GB Hogg,18,3
GC Viljoen,3,2
GC Viljoen,5,1
GC Viljoen,7,1
GC Viljoen,8,1
GC Viljoen,13,1
GC Viljoen,15,1
GC Viljoen,18,1
GD McGrath,0,2
GD McGrath,2,3
GD McGrath,4,4
GD McGrath,14,2
GD McGrath,15,1
GD McGrath,18,2
GD Phillips,3,1
GD Phillips,11,1
GH Vihari,1,1
GHS Garton,1,1
GHS Garton,11,1
GHS Garton,16,1
GJ Maxwell,0,4
GJ Maxwell,1,2
GJ Maxwell,3,1
GJ Maxwell,4,2
GJ Maxwell,5,3
GJ Maxwell,6,4
GJ Maxwell,7,4
GJ Maxwell,8,2
GJ Maxwell,9,7
GJ Maxwell,11,3
GJ Maxwell,12,3
GJ Maxwell,13,5
GJ Maxwell,14,1
GJ Maxwell,17,1
GJ Maxwell,18,1
GJ Maxwell,19,1
GR Napier,14,1
GS Sandhu,17,1
Gagandeep Singh,11,2
Gagandeep Singh,18,1
Gurkeerat Singh,8,1
Gurkeerat Singh,10,1
Gurkeerat Singh,11,2
Gurkeerat Singh,13,1
HF Gurney,3,2
HF Gurney,11,1
HF Gurney,15,1
HF Gurney,17,2
HF Gurney,19,1
HH Pandya,1,6
HH Pandya,3,3
HH Pandya,4,3
HH Pandya,5,1
HH Pandya,6,5
HH Pandya,7,2
HH Pandya,8,6
HH Pandya,9,3
HH Pandya,10,1
HH Pandya,11,1
HH Pandya,12,2
HH Pandya,13,3
HH Pandya,14,10
HH Pandya,15,9
HH Pandya,16,5
HH Pandya,17,8
HH Pandya,18,3
HH Pandya,19,9
HR Shokeen,3,1
HR Shokeen,4,1
HR Shokeen,8,1
HR Shokeen,12,1
HR Shokeen,15,1
HV Patel,1,1
HV Patel,2,2
HV Patel,3,1
HV Patel,4,5
HV Patel,5,3
HV Patel,6,3
HV Patel,7,6
HV Patel,8,8
HV Patel,9,3
HV Patel,10,4
HV Patel,11,6
HV Patel,12,5
HV Patel,13,14
HV Patel,14,8
HV Patel,15,10
HV Patel,16,6
HV Patel,17,18
HV Patel,18,9
HV Patel,19,44
Harbhajan Singh,0,5
Harbhajan Singh,1,6
Harbhajan Singh,2,1
Harbhajan Singh,3,7
Harbhajan Singh,4,4
Harbhajan Singh,5,9
Harbhajan Singh,6,14
Harbhajan Singh,7,14
Harbhajan Singh,8,9
Harbhajan Singh,9,13
Harbhajan Singh,10,14
Harbhajan Singh,11,13
Harbhajan Singh,12,6
Harbhajan Singh,13,13
Harbhajan Singh,14,5
Harbhajan Singh,15,8
Harbhajan Singh,16,9
Harbhajan Singh,17,6
Harbhajan Singh,18,4
Harbhajan Singh,19,1
Harmeet Singh,3,2
Harmeet Singh,4,2
Harmeet Singh,5,2
Harmeet Singh,6,1
Harmeet Singh,7,1
Harmeet Singh,8,1
Harmeet Singh,9,1
Harmeet Singh,10,1
Harmeet Singh,11,2
Harmeet Singh,12,1
Harmeet Singh,13,3
Harmeet Singh,14,1
Harmeet Singh,15,4
Harmeet Singh,16,3
Harmeet Singh,17,1
Harmeet Singh,18,4
Harmeet Singh,19,1
Harpreet Brar,6,2
Harpreet Brar,7,2
Harpreet Brar,8,6
Harpreet Brar,10,5
Harpreet Brar,11,1
Harpreet Brar,12,2
Harpreet Brar,13,1
Harpreet Brar,14,3
Harpreet Brar,16,2
Harpreet Brar,18,1
Harshit Rana,1,5
Harshit Rana,2,3
Harshit Rana,3,1
Harshit Rana,4,1
Harshit Rana,5,1
Harshit Rana,6,2
Harshit Rana,7,2
Harshit Rana,10,2
Harshit Rana,13,1
Harshit Rana,14,3
Harshit Rana,15,2
Harshit Rana,16,1
Harshit Rana,17,2
Harshit Rana,18,4
Harshit Rana,19,2
I Sharma,0,3
I Sharma,1,13
I Sharma,2,7
I Sharma,3,20
I Sharma,4,10
I Sharma,5,7
I Sharma,6,3
I Sharma,8,2
I Sharma,11,2
I Sharma,12,4
I Sharma,13,3
I Sharma,14,2
I Sharma,15,2
I Sharma,16,3
I Sharma,17,3
I Sharma,18,6
I Sharma,19,7
I Udana,2,2
I Udana,9,1
I Udana,12,1
I Udana,13,1
I Udana,15,1
I Udana,17,1
I Udana,19,1
IC Pandey,0,2
IC Pandey,1,1
IC Pandey,2,3
IC Pandey,3,1
IC Pandey,4,4
IC Pandey,5,1
IC Pandey,6,1
IC Pandey,8,1
IC Pandey,10,1
IC Pandey,13,1
IC Pandey,14,1
IC Pandey,15,1
IC Pandey,19,1
IC Porel,7,1
IK Pathan,0,10
IK Pathan,1,9
IK Pathan,2,2
IK Pathan,3,7
IK Pathan,4,3
IK Pathan,5,1
IK Pathan,6,2
IK Pathan,7,1
IK Pathan,8,1
IK Pathan,9,1
IK Pathan,10,5
IK Pathan,11,1
IK Pathan,12,2
IK Pathan,13,8
IK Pathan,14,5
IK Pathan,15,2
IK Pathan,16,2
IK Pathan,17,9
IK Pathan,18,4
IK Pathan,19,24
IS Sodhi,3,2
IS Sodhi,8,3
IS Sodhi,11,1
IS Sodhi,12,1
IS Sodhi,13,1
IS Sodhi,14,1
Imran Tahir,4,1
Imran Tahir,5,2
Imran Tahir,6,5
Imran Tahir,7,2
Imran Tahir,8,7
Imran Tahir,9,6
Imran Tahir,10,8
Imran Tahir,11,7
Imran Tahir,12,3
Imran Tahir,13,10
Imran Tahir,14,9
Imran Tahir,15,3
Imran Tahir,16,11
Imran Tahir,17,3
Imran Tahir,18,7
Imran Tahir,19,2
Iqbal Abdulla,0,1
Iqbal Abdulla,1,3
Iqbal Abdulla,2,3
Iqbal Abdulla,3,2
Iqbal Abdulla,4,2
Iqbal Abdulla,5,4
Iqbal Abdulla,6,2
Iqbal Abdulla,7,3
Iqbal Abdulla,10,4
Iqbal Abdulla,11,4
Iqbal Abdulla,12,4
Iqbal Abdulla,13,2
Iqbal Abdulla,14,4
Iqbal Abdulla,15,3
Iqbal Abdulla,16,1
Iqbal Abdulla,17,3
J Botha,1,1
J Botha,2,1
J Botha,4,2
J Botha,7,1
J Botha,8,2
J Botha,9,3
J Botha,10,3
J Botha,11,3
J Botha,13,1
J Botha,14,1
J Botha,15,2
J Botha,16,2
J Botha,17,3
J Botha,18,1
J Botha,19,1
J Little,3,2
J Little,5,1
J Little,6,1
J Little,7,2
J Little,9,1
J Little,10,2
J Little,11,1
J Little,12,1
J Little,19,2
J Suchith,0,1
J Suchith,3,1
J Suchith,4,1
J Suchith,6,2
J Suchith,7,1
J Suchith,8,5
J Suchith,9,2
J Suchith,10,1
J Suchith,11,1
J Suchith,12,1
J Suchith,13,2
J Suchith,14,1
J Suchith,19,1
J Syed Mohammad,4,1
J Syed Mohammad,7,1
J Syed Mohammad,10,2
J Syed Mohammad,11,2
J Syed Mohammad,12,2
J Syed Mohammad,14,1
J Syed Mohammad,15,1
J Theron,0,2
J Theron,5,1
J Theron,9,1
J Theron,12,2
J Theron,14,1
J Theron,15,1
J Theron,16,2
J Theron,18,2
J Theron,19,1
J Yadav,1,2
J Yadav,3,2
J Yadav,8,2
J Yadav,9,1
J Yadav,10,1
J Yadav,15,1
JA Morkel,0,7
JA Morkel,1,6
JA Morkel,2,9
JA Morkel,3,5
JA Morkel,4,2
JA Morkel,5,6
JA Morkel,6,3
JA Morkel,7,5
JA Morkel,8,4
JA Morkel,9,4
JA Morkel,10,1
JA Morkel,11,1
JA Morkel,13,1
JA Morkel,14,3
JA Morkel,15,2
JA Morkel,16,6
JA Morkel,17,7
JA Morkel,18,20
JA Morkel,19,4
JA Richardson,7,1
JA Richardson,14,1
JA Richardson,17,1
JC Archer,0,8
JC Archer,1,2
JC Archer,2,5
JC Archer,3,3
JC Archer,4,1
JC Archer,5,2
JC Archer,10,3
JC Archer,11,3
JC Archer,13,2
JC Archer,14,3
JC Archer,15,1
JC Archer,16,1
JC Archer,17,4
JC Archer,18,11
JC Archer,19,5
JD Ryder,6,1
JD Ryder,7,1
JD Ryder,8,3
JD Ryder,9,2
JD Ryder,11,1
JD Ryder,12,1
JD Ryder,16,2
JD Unadkat,0,3
JD Unadkat,1,5
JD Unadkat,2,3
JD Unadkat,3,6
JD Unadkat,4,2
JD Unadkat,5,6
JD Unadkat,6,2
JD Unadkat,7,1
JD Unadkat,8,3
JD Unadkat,9,1
JD Unadkat,10,3
JD Unadkat,11,1
JD Unadkat,12,2
JD Unadkat,13,7
JD Unadkat,14,9
JD Unadkat,15,5
JD Unadkat,16,14
JD Unadkat,17,10
JD Unadkat,18,5
JD Unadkat,19,21
JDP Oram,0,1
JDP Oram,1,1
JDP Oram,2,2
JDP Oram,14,1
JDP Oram,17,1
JDP Oram,18,6
JDP Oram,19,1
JDS Neesham,3,1
JDS Neesham,6,2
JDS Neesham,8,2
JDS Neesham,9,1
JDS Neesham,14,2
JE Taylor,17,3
JE Taylor,19,3
JEC Franklin,5,1
JEC Franklin,12,3
JEC Franklin,14,2
JEC Franklin,15,2
JEC Franklin,17,1
JH Kallis,1,2
JH Kallis,2,1
JH Kallis,3,4
JH Kallis,4,2
JH Kallis,5,11
JH Kallis,6,4
JH Kallis,7,4
JH Kallis,8,5
JH Kallis,10,5
JH Kallis,11,1
JH Kallis,12,5
JH Kallis,14,2
JH Kallis,15,2
JH Kallis,16,4
JH Kallis,17,10
JH Kallis,18,5
JH Kallis,19,7
JJ Bumrah,0,5
JJ Bumrah,1,11
JJ Bumrah,2,4
JJ Bumrah,3,8
JJ Bumrah,4,5
JJ Bumrah,5,6
JJ Bumrah,6,1
JJ Bumrah,7,2
JJ Bumrah,9,1
JJ Bumrah,10,5
JJ Bumrah,11,7
JJ Bumrah,12,10
JJ Bumrah,13,7
JJ Bumrah,14,9
JJ Bumrah,15,12
JJ Bumrah,16,21
JJ Bumrah,17,24
JJ Bumrah,18,26
JJ Bumrah,19,18
JJ van der Wath,14,1
JJ van der Wath,19,2
JL Pattinson,1,2
JL Pattinson,4,2
JL Pattinson,9,1
JL Pattinson,13,2
JL Pattinson,15,1
JL Pattinson,17,1
JL Pattinson,18,2
JM Kemp,8,1
JM Kemp,10,1
JM Kemp,12,1
JO Holder,1,3
JO Holder,3,4
JO Holder,4,4
JO Holder,5,1
JO Holder,7,1
JO Holder,8,4
JO Holder,9,2
JO Holder,10,2
JO Holder,11,1
JO Holder,12,1
JO Holder,13,1
JO Holder,14,4
JO Holder,15,7
JO Holder,17,6
JO Holder,18,7
JO Holder,19,11
JP Behrendorff,0,3
JP Behrendorff,1,1
JP Behrendorff,2,5
JP Behrendorff,3,1
JP Behrendorff,4,1
JP Behrendorff,10,1
JP Behrendorff,12,2
JP Behrendorff,17,1
JP Behrendorff,18,4
JP Behrendorff,19,3
JP Duminy,1,1
JP Duminy,2,2
JP Duminy,6,2
JP Duminy,7,1
JP Duminy,8,2
JP Duminy,9,1
JP Duminy,10,2
JP Duminy,11,3
JP Duminy,12,2
JP Duminy,13,2
JP Duminy,14,2
JP Duminy,16,3
JP Faulkner,0,4
JP Faulkner,1,5
JP Faulkner,2,3
JP Faulkner,3,2
JP Faulkner,4,3
JP Faulkner,5,2
JP Faulkner,7,2
JP Faulkner,8,1
JP Faulkner,9,2
JP Faulkner,10,1
JP Faulkner,11,2
JP Faulkner,12,2
JP Faulkner,13,2
JP Faulkner,14,3
JP Faulkner,15,4
JP Faulkner,16,7
JP Faulkner,17,4
JP Faulkner,18,14
JP Faulkner,19,13
JPR Scantlebury-Searles,12,1
JPR Scantlebury-Searles,15,1
JR Hazlewood,0,1
JR Hazlewood,1,2
JR Hazlewood,2,2
JR Hazlewood,3,5
JR Hazlewood,4,4
JR Hazlewood,5,4
JR Hazlewood,9,1
JR Hazlewood,11,1
JR Hazlewood,12,1
JR Hazlewood,13,1
JR Hazlewood,14,3
JR Hazlewood,15,2
JR Hazlewood,16,5
JR Hazlewood,17,1
JR Hazlewood,18,9
JR Hazlewood,19,2
JR Hopes,4,1
JR Hopes,7,2
JR Hopes,8,1
JR Hopes,10,2
JR Hopes,11,2
JR Hopes,15,2
JR Hopes,18,4
JW Hastings,5,1
JW Hastings,11,1
JW Hastings,17,1
Jaskaran Singh,3,1
Jaskaran Singh,5,1
Jaskaran Singh,13,1
Jaskaran Singh,18,2
Jaskaran Singh,19,1
Joginder Sharma,7,1
Joginder Sharma,9,2
Joginder Sharma,10,1
Joginder Sharma,11,1
Joginder Sharma,13,1
Joginder Sharma,14,4
Joginder Sharma,16,1
Joginder Sharma,19,2
K Gowtham,0,4
K Gowtham,2,5
K Gowtham,5,2
K Gowtham,7,3
K Gowtham,8,1
K Gowtham,9,2
K Gowtham,11,1
K Gowtham,12,2
K Gowtham,13,2
K Kartikeya,5,1
K Kartikeya,6,1
K Kartikeya,7,2
K Kartikeya,10,1
K Kartikeya,11,1
K Kartikeya,12,2
K Kartikeya,13,2
K Kartikeya,14,1
K Khejroliya,6,1
K Khejroliya,12,1
K Khejroliya,14,1
K Khejroliya,17,2
K Khejroliya,19,1
K Rabada,0,3
K Rabada,1,8
K Rabada,2,5
K Rabada,3,11
K Rabada,4,5
K Rabada,5,4
K Rabada,6,2
K Rabada,7,2
K Rabada,8,1
K Rabada,9,1
K Rabada,10,4
K Rabada,11,1
K Rabada,12,3
K Rabada,13,2
K Rabada,14,10
K Rabada,15,10
K Rabada,16,7
K Rabada,17,16
K Rabada,18,19
K Rabada,19,14
K Santokie,5,1
K Santokie,9,1
K Santokie,18,1
K Yadav,18,1
K Yadav,19,1
KA Jamieson,1,1
KA Jamieson,2,1
KA Jamieson,3,2
KA Jamieson,10,1
KA Jamieson,11,1
KA Jamieson,13,1
KA Jamieson,17,2
KA Maharaj,7,1
KA Maharaj,9,1
KA Pollard,4,1
KA Pollard,6,2
KA Pollard,7,4
KA Pollard,8,6
KA Pollard,9,7
KA Pollard,10,3
KA Pollard,11,11
KA Pollard,12,4
KA Pollard,13,9
KA Pollard,14,4
KA Pollard,15,8
KA Pollard,16,3
KA Pollard,17,5
KA Pollard,18,3
KA Pollard,19,11
KC Cariappa,6,1
KC Cariappa,7,2
KC Cariappa,10,1
KC Cariappa,11,1
KC Cariappa,13,1
KC Cariappa,15,2
KH Pandya,1,1
KH Pandya,2,3
KH Pandya,3,2
KH Pandya,4,6
KH Pandya,5,4
KH Pandya,6,1
KH Pandya,7,9
KH Pandya,8,4
KH Pandya,9,8
KH Pandya,10,11
KH Pandya,11,5
KH Pandya,12,7
KH Pandya,13,6
KH Pandya,14,3
KH Pandya,15,2
KH Pandya,16,3
KH Pandya,17,3
KH Pandya,18,1
KH Pandya,19,8
KJ Abbott,7,1
KJ Abbott,11,1
KK Ahmed,0,6
KK Ahmed,1,6
KK Ahmed,2,9
KK Ahmed,3,2
KK Ahmed,4,6
KK Ahmed,5,4
KK Ahmed,6,2
KK Ahmed,10,3
KK Ahmed,11,1
KK Ahmed,12,2
KK Ahmed,13,2
KK Ahmed,14,6
KK Ahmed,15,2
KK Ahmed,16,11
KK Ahmed,17,7
KK Ahmed,18,14
KK Ahmed,19,6
KK Cooper,4,2
KK Cooper,5,2
KK Cooper,6,1
KK Cooper,7,3
KK Cooper,9,2
KK Cooper,10,1
KK Cooper,12,3
KK Cooper,13,1
KK Cooper,14,1
KK Cooper,15,1
KK Cooper,16,3
KK Cooper,17,4
KK Cooper,18,8
KK Cooper,19,4
KL Nagarkoti,7,2
KL Nagarkoti,12,2
KL Nagarkoti,17,1
KM Asif,1,1
KM Asif,4,2
KM Asif,6,2
KM Asif,13,1
KM Asif,14,1
KMA Paul,9,1
KMA Paul,10,1
KMA Paul,11,1
KMA Paul,13,1
KMA Paul,14,1
KMA Paul,15,1
KMA Paul,19,4
KMDN Kulasekara,1,1
KMDN Kulasekara,2,1
KMDN Kulasekara,3,1
KMDN Kulasekara,5,1
KMDN Kulasekara,19,2
KP Appanna,7,1
KP Appanna,8,1
KP Appanna,10,1
KP Appanna,11,4
KP Appanna,12,1
KP Appanna,13,2
KP Appanna,14,1
KP Pietersen,0,1
KP Pietersen,6,1
KP Pietersen,8,1
KP Pietersen,10,3
KP Pietersen,13,1
KP Pietersen,15,1
KP Pietersen,16,1
KR Sen,2,1
KR Sen,3,1
KR Sen,6,2
KR Sen,8,1
KR Sen,9,1
KR Sen,10,3
KR Sen,12,1
KR Sen,16,1
KR Sen,19,3
KT Maphaka,0,1
KV Sharma,3,2
KV Sharma,4,1
KV Sharma,5,4
KV Sharma,6,8
KV Sharma,7,7
KV Sharma,8,9
KV Sharma,9,5
KV Sharma,10,15
KV Sharma,11,9
KV Sharma,12,4
KV Sharma,13,7
KV Sharma,14,3
KV Sharma,15,3
KV Sharma,16,2
KV Sharma,17,1
KV Sharma,18,2
KW Richardson,1,3
KW Richardson,2,4
KW Richardson,3,2
KW Richardson,5,1
KW Richardson,13,1
KW Richardson,15,1
KW Richardson,17,2
KW Richardson,18,2
KW Richardson,19,5
Kamran Khan,0,2
Kamran Khan,1,1
Kamran Khan,2,2
Kamran Khan,4,1
Kamran Khan,9,1
Kamran Khan,11,1
Kamran Khan,13,1
Kamran Khan,18,2
Kamran Khan,19,3
Karanveer Singh,6,2
Karanveer Singh,11,1
Karanveer Singh,12,2
Karanveer Singh,13,2
Karanveer Singh,14,2
Karanveer Singh,15,1
Karanveer Singh,16,3
Karanveer Singh,17,1
Kartik Tyagi,3,2
Kartik Tyagi,4,3
Kartik Tyagi,10,1
Kartik Tyagi,12,1
Kartik Tyagi,13,1
Kartik Tyagi,15,2
Kartik Tyagi,16,1
Kartik Tyagi,17,1
Kartik Tyagi,18,1
Kartik Tyagi,19,3
Kuldeep Yadav,6,4
Kuldeep Yadav,7,10
Kuldeep Yadav,8,8
Kuldeep Yadav,9,11
Kuldeep Yadav,10,5
Kuldeep Yadav,11,10
Kuldeep Yadav,12,2
Kuldeep Yadav,13,9
Kuldeep Yadav,14,9
Kuldeep Yadav,15,12
Kuldeep Yadav,16,6
Kuldeep Yadav,17,9
Kuldeep Yadav,18,1
Kuldeep Yadav,19,3
L Ablish,3,1
L Ablish,15,1
L Ablish,19,3
L Balaji,0,1
L Balaji,1,1
L Balaji,2,2
L Balaji,3,4
L Balaji,4,5
L Balaji,5,3
L Balaji,6,1
L Balaji,7,1
L Balaji,8,2
L Balaji,9,6
L Balaji,10,1
L Balaji,11,1
L Balaji,12,9
L Balaji,13,7
L Balaji,14,2
L Balaji,15,4
L Balaji,16,3
L Balaji,17,5
L Balaji,18,6
L Balaji,19,21
L Ngidi,0,1
L Ngidi,1,3
L Ngidi,3,2
L Ngidi,5,2
L Ngidi,8,1
L Ngidi,10,2
L Ngidi,11,2
L Ngidi,14,1
L Ngidi,15,1
L Ngidi,16,3
L Ngidi,17,7
L Ngidi,18,2
L Ngidi,19,1
L Wood,13,1
LA Carseldine,5,1
LB Williams,9,1
LE Plunkett,4,1
LE Plunkett,7,1
LE Plunkett,16,1
LE Plunkett,17,1
LH Ferguson,0,2
LH Ferguson,1,1
LH Ferguson,3,3
LH Ferguson,4,6
LH Ferguson,5,6
LH Ferguson,6,3
LH Ferguson,7,4
LH Ferguson,8,1
LH Ferguson,9,3
LH Ferguson,10,1
LH Ferguson,11,4
LH Ferguson,12,2
LH Ferguson,13,3
LH Ferguson,14,2
LH Ferguson,15,4
LH Ferguson,16,5
LH Ferguson,17,3
LH Ferguson,18,6
LH Ferguson,19,4
LI Meriwala,12,1
LJ Wright,13,1
LJ Wright,15,1
LMP Simmons,15,1
LR Shukla,7,1
LR Shukla,8,1
LR Shukla,10,2
LR Shukla,11,1
LR Shukla,12,1
LR Shukla,14,2
LR Shukla,15,1
LR Shukla,16,1
LR Shukla,17,6
LR Shukla,19,1
LS Livingstone,0,1
LS Livingstone,8,2
LS Livingstone,9,2
LS Livingstone,11,3
LS Livingstone,13,2
LS Livingstone,14,2
LS Livingstone,15,1
Lalit Yadav,3,1
Lalit Yadav,4,1
Lalit Yadav,7,1
Lalit Yadav,10,4
Lalit Yadav,11,2
Lalit Yadav,12,1
Lalit Yadav,17,1
M Ashwin,3,2
M Ashwin,6,4
M Ashwin,7,2
M Ashwin,8,3
M Ashwin,9,2
M Ashwin,10,3
M Ashwin,11,2
M Ashwin,12,4
M Ashwin,13,2
M Ashwin,14,4
M Ashwin,15,1
M Ashwin,16,5
M Ashwin,19,1
M Jansen,1,10
M Jansen,3,3
M Jansen,4,1
M Jansen,11,2
M Jansen,13,1
M Jansen,14,4
M Jansen,15,1
M Jansen,17,2
M Jansen,19,1
M Kartik,0,2
M Kartik,4,2
M Kartik,5,4
M Kartik,6,3
M Kartik,7,3
M Kartik,8,4
M Kartik,9,2
M Kartik,10,4
M Kartik,11,1
M Kartik,12,3
M Kartik,13,1
M Kartik,14,2
M Kartik,15,2
M Kartik,16,1
M Kartik,17,3
M Kartik,18,2
M Markande,6,8
M Markande,7,1
M Markande,8,10
M Markande,9,1
M Markande,10,3
M Markande,11,2
M Markande,12,4
M Markande,13,2
M Markande,14,3
M Markande,15,2
M Markande,16,1
M Morkel,0,1
M Morkel,1,9
M Morkel,2,6
M Morkel,3,10
M Morkel,4,4
M Morkel,5,7
M Morkel,6,2
M Morkel,7,1
M Morkel,9,1
M Morkel,11,1
M Morkel,13,2
M Morkel,14,4
M Morkel,15,6
M Morkel,16,8
M Morkel,17,12
M Morkel,18,8
M Morkel,19,6
M Muralitharan,0,2
M Muralitharan,4,1
M Muralitharan,6,2
M Muralitharan,7,6
M Muralitharan,8,5
M Muralitharan,9,3
M Muralitharan,10,3
M Muralitharan,11,8
M Muralitharan,12,3
M Muralitharan,13,6
M Muralitharan,14,5
M Muralitharan,15,9
M Muralitharan,16,7
M Muralitharan,17,4
M Muralitharan,18,2
M Muralitharan,19,1
M Ntini,1,1
M Ntini,2,2
M Ntini,4,1
M Ntini,5,1
M Ntini,16,2
M Ntini,19,1
M Pathirana,7,3
M Pathirana,10,2
M Pathirana,12,1
M Pathirana,13,2
M Pathirana,14,3
M Pathirana,15,1
M Pathirana,16,3
M Pathirana,17,12
M Pathirana,18,4
M Pathirana,19,13
M Prasidh Krishna,0,1
M Prasidh Krishna,1,9
M Prasidh Krishna,2,1
M Prasidh Krishna,3,2
M Prasidh Krishna,4,1
M Prasidh Krishna,5,2
M Prasidh Krishna,6,1
M Prasidh Krishna,7,2
M Prasidh Krishna,8,1
M Prasidh Krishna,11,4
M Prasidh Krishna,12,3
M Prasidh Krishna,13,1
M Prasidh Krishna,14,2
M Prasidh Krishna,15,7
M Prasidh Krishna,16,3
M Prasidh Krishna,17,4
M Prasidh Krishna,18,9
M Prasidh Krishna,19,9
M Siddharth,1,1
M Siddharth,4,1
M Siddharth,12,1
M Theekshana,1,1
M Theekshana,2,1
M Theekshana,3,2
M Theekshana,4,1
M Theekshana,5,5
M Theekshana,9,2
M Theekshana,11,1
M Theekshana,12,3
M Theekshana,14,5
M Theekshana,15,1
M Theekshana,16,2
M Theekshana,17,1
M Theekshana,18,4
M Theekshana,19,2
M de Lange,1,1
M de Lange,3,1
M de Lange,9,1
M de Lange,18,1
M de Lange,19,2
MA Khote,14,1
MA Khote,19,1
MA Starc,0,8
MA Starc,1,3
MA Starc,2,7
MA Starc,4,7
MA Starc,6,1
MA Starc,8,2
MA Starc,9,2
MA Starc,10,2
MA Starc,14,2
MA Starc,15,1
MA Starc,16,3
MA Starc,17,4
MA Starc,18,10
MA Starc,19,17
MA Wood,4,2
MA Wood,6,1
MA Wood,10,1
MA Wood,15,1
MA Wood,18,1
MA Wood,19,5
MC Henriques,0,2
MC Henriques,1,1
MC Henriques,2,3
MC Henriques,3,1
MC Henriques,5,2
MC Henriques,6,6
MC Henriques,7,4
MC Henriques,8,2
MC Henriques,9,8
MC Henriques,10,1
MC Henriques,11,5
MC Henriques,12,2
MC Henriques,13,2
MC Henriques,14,2
MC Henriques,15,2
MC Henriques,16,3
MF Maharoof,0,2
MF Maharoof,1,1
MF Maharoof,3,3
MF Maharoof,4,1
MF Maharoof,5,4
MF Maharoof,6,3
MF Maharoof,7,2
MF Maharoof,8,1
MF Maharoof,9,1
MF Maharoof,12,1
MF Maharoof,13,1
MF Maharoof,15,3
MF Maharoof,17,7
MF Maharoof,18,2
MF Maharoof,19,1
MG Bracewell,4,3
MG Bracewell,6,2
MG Bracewell,8,1
MG Johnson,0,8
MG Johnson,1,5
MG Johnson,2,11
MG Johnson,4,3
MG Johnson,5,1
MG Johnson,7,1
MG Johnson,10,3
MG Johnson,11,2
MG Johnson,12,1
MG Johnson,14,1
MG Johnson,15,2
MG Johnson,16,6
MG Johnson,17,10
MG Johnson,18,8
MG Johnson,19,4
MJ Clarke,8,2
MJ Clarke,13,1
MJ Henry,0,1
MJ Henry,17,2
MJ McClenaghan,0,5
MJ McClenaghan,1,9
MJ McClenaghan,2,1
MJ McClenaghan,3,7
MJ McClenaghan,4,4
MJ McClenaghan,5,6
MJ McClenaghan,8,1
MJ McClenaghan,10,1
MJ McClenaghan,13,1
MJ McClenaghan,14,6
MJ McClenaghan,15,6
MJ McClenaghan,16,4
MJ McClenaghan,17,12
MJ McClenaghan,18,6
MJ McClenaghan,19,6
MJ Santner,4,1
MJ Santner,5,1
MJ Santner,6,2
MJ Santner,7,3
MJ Santner,8,2
MJ Santner,9,3
MJ Santner,11,1
MJ Santner,12,2
MJ Santner,16,2
MK Lomror,5,1
MK Lomror,14,1
MK Tiwary,17,1
MM Ali,3,1
MM Ali,5,1
MM Ali,7,7
MM Ali,8,1
MM Ali,9,8
MM Ali,10,2
MM Ali,11,5
MM Ali,12,4
MM Ali,13,6
MM Ali,14,3
MM Ali,15,2
MM Ali,16,1
MM Ali,19,1
MM Patel,0,2
MM Patel,1,8
MM Patel,2,6
MM Patel,3,6
MM Patel,4,7
MM Patel,5,1
MM Patel,6,4
MM Patel,7,3
MM Patel,8,1
MM Patel,9,2
MM Patel,10,1
MM Patel,11,1
MM Patel,12,6
MM Patel,13,1
MM Patel,14,5
MM Patel,15,5
MM Patel,16,2
MM Patel,17,3
MM Patel,18,5
MM Patel,19,13
MM Sharma,0,3
MM Sharma,1,8
MM Sharma,2,2
MM Sharma,3,3
MM Sharma,4,13
MM Sharma,5,9
MM Sharma,6,4
MM Sharma,7,1
MM Sharma,8,5
MM Sharma,9,3
MM Sharma,10,5
MM Sharma,11,1
MM Sharma,12,7
MM Sharma,13,3
MM Sharma,14,7
MM Sharma,15,3
MM Sharma,16,9
MM Sharma,17,14
MM Sharma,18,24
MM Sharma,19,25
MN Samuels,0,1
MN Samuels,3,1
MN Samuels,5,1
MN Samuels,12,1
MN Samuels,14,1
MN Samuels,15,2
MN Samuels,16,1
MN Samuels,17,1
MN Samuels,19,1
MP Stoinis,0,1
MP Stoinis,2,2
MP Stoinis,4,3
MP Stoinis,5,2
MP Stoinis,6,3
MP Stoinis,7,1
MP Stoinis,8,1
MP Stoinis,9,2
MP Stoinis,10,2
MP Stoinis,11,4
MP Stoinis,12,2
MP Stoinis,13,4
MP Stoinis,14,2
MP Stoinis,15,1
MP Stoinis,16,5
MP Stoinis,19,10
MP Yadav,5,2
MP Yadav,7,1
MP Yadav,11,1
MP Yadav,13,1
MP Yadav,14,1
MP Yadav,15,1
MP Yadav,18,1
MR Marsh,1,1
MR Marsh,4,4
MR Marsh,5,1
MR Marsh,6,1
MR Marsh,7,1
MR Marsh,8,3
MR Marsh,9,2
MR Marsh,10,3
MR Marsh,11,1
MR Marsh,12,3
MR Marsh,13,2
MR Marsh,14,3
MR Marsh,15,2
MR Marsh,16,1
MR Marsh,17,1
MR Marsh,18,6
MR Marsh,19,2
MS Gony,0,1
MS Gony,1,4
MS Gony,2,1
MS Gony,3,4
MS Gony,4,5
MS Gony,5,3
MS Gony,6,1
MS Gony,7,3
MS Gony,8,1
MS Gony,9,1
MS Gony,10,1
MS Gony,11,3
MS Gony,13,2
MS Gony,14,1
MS Gony,15,3
MS Gony,16,2
MS Gony,17,2
MS Gony,19,1
Mashrafe Mortaza,17,1
Mayank Dagar,6,1
Mayank Dagar,13,1
Mohammad Asif,1,2
Mohammad Asif,5,1
Mohammad Asif,9,1
Mohammad Asif,17,2
Mohammad Asif,18,1
Mohammad Asif,19,2
Mohammad Hafeez,8,1
Mohammad Hafeez,11,1
Mohammad Nabi,1,2
Mohammad Nabi,3,4
Mohammad Nabi,5,1
Mohammad Nabi,7,1
Mohammad Nabi,8,1
Mohammad Nabi,9,2
Mohammad Nabi,12,1
Mohammad Nabi,14,1
Mohammad Nabi,17,2
Mohammed Shami,0,10
Mohammed Shami,1,9
Mohammed Shami,2,20
Mohammed Shami,3,6
Mohammed Shami,4,9
Mohammed Shami,5,1
Mohammed Shami,8,1
Mohammed Shami,9,1
Mohammed Shami,10,1
Mohammed Shami,11,1
Mohammed Shami,12,4
Mohammed Shami,13,3
Mohammed Shami,14,6
Mohammed Shami,15,8
Mohammed Shami,16,12
Mohammed Shami,17,14
Mohammed Shami,18,22
Mohammed Shami,19,21
Mohammed Siraj,0,10
Mohammed Siraj,1,7
Mohammed Siraj,2,9
Mohammed Siraj,3,6
Mohammed Siraj,4,8
Mohammed Siraj,5,4
Mohammed Siraj,6,1
Mohammed Siraj,7,1
Mohammed Siraj,8,1
Mohammed Siraj,10,1
Mohammed Siraj,11,2
Mohammed Siraj,12,5
Mohammed Siraj,13,3
Mohammed Siraj,14,6
Mohammed Siraj,15,1
Mohammed Siraj,16,9
Mohammed Siraj,17,12
Mohammed Siraj,18,15
Mohammed Siraj,19,5
Mohsin Khan,0,3
Mohsin Khan,1,3
Mohsin Khan,2,3
Mohsin Khan,3,1
Mohsin Khan,4,1
Mohsin Khan,8,1
Mohsin Khan,11,1
Mohsin Khan,12,2
Mohsin Khan,13,1
Mohsin Khan,15,1
Mohsin Khan,16,6
Mohsin Khan,17,3
Mohsin Khan,18,1
Mujeeb Ur Rahman,1,2
Mujeeb Ur Rahman,2,1
Mujeeb Ur Rahman,4,1
Mujeeb Ur Rahman,5,1
Mujeeb Ur Rahman,8,1
Mujeeb Ur Rahman,9,1
Mujeeb Ur Rahman,12,2
Mujeeb Ur Rahman,13,4
Mujeeb Ur Rahman,14,3
Mujeeb Ur Rahman,16,2
Mujeeb Ur Rahman,17,2
Mujeeb Ur Rahman,19,1
Mukesh Choudhary,0,5
Mukesh Choudhary,1,1
Mukesh Choudhary,2,1
Mukesh Choudhary,4,3
Mukesh Choudhary,5,2
Mukesh Choudhary,10,2
Mukesh Choudhary,12,1
Mukesh Choudhary,17,2
Mukesh Kumar,1,3
Mukesh Kumar,2,1
Mukesh Kumar,3,1
Mukesh Kumar,4,1
Mukesh Kumar,5,1
Mukesh Kumar,8,1
Mukesh Kumar,11,2
Mukesh Kumar,12,1
Mukesh Kumar,13,2
Mukesh Kumar,14,1
Mukesh Kumar,15,4
Mukesh Kumar,16,1
Mukesh Kumar,17,4
Mukesh Kumar,18,3
Mukesh Kumar,19,8
Mustafizur Rahman,0,1
Mustafizur Rahman,3,2
Mustafizur Rahman,4,5
Mustafizur Rahman,5,7
Mustafizur Rahman,6,2
Mustafizur Rahman,7,1
Mustafizur Rahman,9,2
Mustafizur Rahman,11,5
Mustafizur Rahman,12,1
Mustafizur Rahman,13,3
Mustafizur Rahman,14,2
Mustafizur Rahman,15,2
Mustafizur Rahman,16,9
Mustafizur Rahman,17,4
Mustafizur Rahman,18,13
Mustafizur Rahman,19,11
N Burger,3,4
N Burger,11,1
N Burger,14,1
N Burger,18,1
N Rana,6,1
N Rana,7,2
N Rana,10,1
N Rana,12,1
N Rana,14,3
N Rana,16,1
N Rana,17,1
N Thushara,0,4
N Thushara,2,2
N Thushara,16,2
NB Singh,1,1
ND Doshi,3,1
ND Doshi,16,1
NLTC Perera,3,1
NLTC Perera,4,3
NLTC Perera,5,2
NLTC Perera,6,2
NLTC Perera,7,1
NLTC Perera,8,1
NLTC Perera,10,2
NLTC Perera,12,1
NLTC Perera,13,2
NLTC Perera,14,1
NLTC Perera,15,1
NLTC Perera,16,1
NLTC Perera,17,9
NLTC Perera,19,10
NM Coulter-Nile,0,1
NM Coulter-Nile,1,3
NM Coulter-Nile,2,2
NM Coulter-Nile,3,4
NM Coulter-Nile,4,3
NM Coulter-Nile,5,2
NM Coulter-Nile,6,1
NM Coulter-Nile,7,1
NM Coulter-Nile,9,3
NM Coulter-Nile,11,1
NM Coulter-Nile,12,1
NM Coulter-Nile,14,4
NM Coulter-Nile,15,4
NM Coulter-Nile,16,2
NM Coulter-Nile,17,2
NM Coulter-Nile,18,8
NM Coulter-Nile,19,10
NT Ellis,4,2
NT Ellis,5,2
NT Ellis,6,1
NT Ellis,10,1
NT Ellis,12,1
NT Ellis,14,3
NT Ellis,15,4
NT Ellis,17,3
NT Ellis,19,3
Naman Dhir,18,1
Navdeep Saini,0,1
Navdeep Saini,1,1
Navdeep Saini,2,1
Navdeep Saini,3,5
Navdeep Saini,4,1
Navdeep Saini,6,1
Navdeep Saini,7,1
Navdeep Saini,13,2
Navdeep Saini,14,1
Navdeep Saini,16,4
Navdeep Saini,17,4
Navdeep Saini,18,3
Navdeep Saini,19,1
Naveen-ul-Haq,1,1
Naveen-ul-Haq,3,2
Naveen-ul-Haq,4,1
Naveen-ul-Haq,5,2
Naveen-ul-Haq,8,1
Naveen-ul-Haq,10,2
Naveen-ul-Haq,11,1
Naveen-ul-Haq,14,4
Naveen-ul-Haq,15,1
Naveen-ul-Haq,16,3
Naveen-ul-Haq,17,3
Naveen-ul-Haq,18,1
Naveen-ul-Haq,19,4
Nithish Kumar Reddy,12,1
Nithish Kumar Reddy,15,2
Nithish Kumar Reddy,19,1
Noor Ahmad,4,1
Noor Ahmad,5,1
Noor Ahmad,6,5
Noor Ahmad,7,3
Noor Ahmad,9,1
Noor Ahmad,10,6
Noor Ahmad,11,2
Noor Ahmad,12,4
Noor Ahmad,13,3
Noor Ahmad,14,2
Noor Ahmad,15,2
Noor Ahmad,16,3
Noor Ahmad,17,2
O Thomas,4,2
O Thomas,12,1
O Thomas,16,1
O Thomas,17,1
OC McCoy,8,1
OC McCoy,9,1
OC McCoy,10,1
OC McCoy,16,2
OC McCoy,17,1
OC McCoy,19,5
OF Smith,4,1
OF Smith,7,1
OF Smith,10,1
OF Smith,19,4
P Amarnath,7,1
P Amarnath,10,2
P Amarnath,11,1
P Amarnath,13,1
P Amarnath,14,1
P Amarnath,15,1
P Awana,1,2
P Awana,2,1
P Awana,3,3
P Awana,4,3
P Awana,5,5
P Awana,6,2
P Awana,7,1
P Awana,8,1
P Awana,9,2
P Awana,10,3
P Awana,12,2
P Awana,13,1
P Awana,14,1
P Awana,15,1
P Awana,16,3
P Awana,17,4
P Awana,18,7
P Awana,19,1
P Dubey,14,1
P Kumar,0,15
P Kumar,1,2
P Kumar,2,15
P Kumar,3,4
P Kumar,4,6
P Kumar,5,2
P Kumar,6,4
P Kumar,7,2
P Kumar,8,2
P Kumar,10,1
P Kumar,11,3
P Kumar,12,1
P Kumar,13,1
P Kumar,14,1
P Kumar,15,4
P Kumar,16,6
P Kumar,17,10
P Kumar,18,7
P Kumar,19,16
P Negi,0,1
P Negi,1,1
P Negi,2,1
P Negi,6,1
P Negi,7,2
P Negi,8,5
P Negi,9,4
P Negi,10,1
P Negi,11,2
P Negi,12,5
P Negi,13,5
P Negi,14,1
P Negi,15,1
P Negi,17,3
P Negi,18,1
P Negi,19,4
P Parameswaran,2,1
P Parameswaran,4,1
P Parameswaran,8,2
P Parameswaran,17,1
P Parameswaran,18,1
P Parameswaran,19,3
P Sahu,8,1
P Sahu,10,1
P Sahu,11,1
P Suyal,3,1
P Suyal,13,1
PC Valthaty,6,1
PC Valthaty,11,1
PC Valthaty,13,1
PC Valthaty,14,2
PC Valthaty,18,2
PD Collingwood,10,1
PD Collingwood,13,1
PD Collingwood,17,2
PD Collingwood,18,1
PH Solanki,14,1
PH Solanki,16,1
PHKD Mendis,12,1
PJ Cummins,0,3
PJ Cummins,1,7
PJ Cummins,2,3
PJ Cummins,3,4
PJ Cummins,4,3
PJ Cummins,5,3
PJ Cummins,6,1
PJ Cummins,7,2
PJ Cummins,8,1
PJ Cummins,9,4
PJ Cummins,10,2
PJ Cummins,11,1
PJ Cummins,12,2
PJ Cummins,13,3
PJ Cummins,14,6
PJ Cummins,15,5
PJ Cummins,16,6
PJ Cummins,17,6
PJ Cummins,18,6
PJ Cummins,19,2
PJ Sangwan,0,3
PJ Sangwan,1,4
PJ Sangwan,2,2
PJ Sangwan,4,3
PJ Sangwan,5,4
PJ Sangwan,6,4
PJ Sangwan,7,1
PJ Sangwan,8,1
PJ Sangwan,9,2
PJ Sangwan,10,3
PJ Sangwan,11,1
PJ Sangwan,12,2
PJ Sangwan,13,1
PJ Sangwan,14,4
PJ Sangwan,15,4
PJ Sangwan,18,2
PJ Sangwan,19,3
PM Sarvesh Kumar,8,1
PP Chawla,0,1
PP Chawla,1,2
PP Chawla,2,1
PP Chawla,3,1
PP Chawla,4,4
PP Chawla,5,12
PP Chawla,6,11
PP Chawla,7,15
PP Chawla,8,18
PP Chawla,9,13
PP Chawla,10,22
PP Chawla,11,10
PP Chawla,12,23
PP Chawla,13,12
PP Chawla,14,15
PP Chawla,15,12
PP Chawla,16,12
PP Chawla,17,8
PP Chawla,18,2
PP Chawla,19,7
PP Ojha,1,2
PP Ojha,2,1
PP Ojha,3,2
PP Ojha,4,1
PP Ojha,5,1
PP Ojha,6,10
PP Ojha,7,2
PP Ojha,8,7
PP Ojha,9,9
PP Ojha,10,11
PP Ojha,11,6
PP Ojha,12,13
PP Ojha,13,2
PP Ojha,14,6
PP Ojha,15,6
PP Ojha,16,8
PP Ojha,17,7
PP Ojha,19,5
PV Tambe,2,1
PV Tambe,3,1
PV Tambe,4,1
PV Tambe,6,1
PV Tambe,7,2
PV Tambe,8,2
PV Tambe,9,3
PV Tambe,10,3
PV Tambe,11,3
PV Tambe,12,2
PV Tambe,14,4
PV Tambe,15,4
PV Tambe,16,1
PVD Chameera,0,3
PVD Chameera,1,1
PVD Chameera,2,1
PVD Chameera,3,1
PVD Chameera,4,1
PVD Chameera,15,1
PVD Chameera,19,3
PVSN Raju,19,2
PWH de Silva,2,1
PWH de Silva,4,2
PWH de Silva,5,1
PWH de Silva,6,2
PWH de Silva,7,3
PWH de Silva,8,4
PWH de Silva,9,3
PWH de Silva,10,2
PWH de Silva,11,4
PWH de Silva,12,3
PWH de Silva,13,2
PWH de Silva,14,4
PWH de Silva,15,3
PWH de Silva,16,4
PWH de Silva,17,2
PWH de Silva,18,2
Pankaj Singh,1,2
Pankaj Singh,3,2
Pankaj Singh,4,2
Pankaj Singh,5,2
Pankaj Singh,11,1
Pankaj Singh,14,1
Pankaj Singh,16,1
Parvez Rasool,3,1
Parvez Rasool,6,1
Parvez Rasool,9,1
Parvez Rasool,12,1
Prince Yadav,7,1
Prince Yadav,11,1
Prince Yadav,18,1
R Ashwin,0,7
R Ashwin,1,2
R Ashwin,2,8
R Ashwin,3,9
R Ashwin,4,13
R Ashwin,5,15
R Ashwin,6,2
R Ashwin,7,15
R Ashwin,8,10
R Ashwin,9,13
R Ashwin,10,15
R Ashwin,11,16
R Ashwin,12,15
R Ashwin,13,13
R Ashwin,14,10
R Ashwin,15,18
R Ashwin,16,6
R Ashwin,17,10
R Ashwin,18,1
R Ashwin,19,5
R Bhatia,6,4
R Bhatia,7,6
R Bhatia,8,7
R Bhatia,9,4
R Bhatia,10,9
R Bhatia,11,5
R Bhatia,12,7
R Bhatia,13,10
R Bhatia,14,9
R Bhatia,15,1
R Bhatia,16,5
R Bhatia,17,5
R Bhatia,18,1
R Bhatia,19,9
R Dhawan,0,1
R Dhawan,1,1
R Dhawan,4,2
R Dhawan,5,1
R Dhawan,6,2
R Dhawan,8,3
R Dhawan,9,3
R Dhawan,10,1
R Dhawan,11,2
R Dhawan,12,2
R Dhawan,13,4
R Dhawan,14,1
R Dhawan,16,1
R Dhawan,19,3
R McLaren,2,1
R McLaren,4,2
R McLaren,5,1
R McLaren,8,1
R McLaren,11,1
R McLaren,12,1
R McLaren,15,1
R McLaren,17,5
R McLaren,19,1
R Ninan,6,1
R Ninan,8,1
R Ninan,10,1
R Parag,2,1
R Parag,6,2
R Parag,8,1
R Parag,9,1
R Parag,12,1
R Powell,13,1
R Rampaul,0,3
R Rampaul,2,4
R Rampaul,4,2
R Rampaul,5,1
R Rampaul,6,1
R Rampaul,13,1
R Rampaul,14,1
R Rampaul,18,2
R Rampaul,19,2
R Sai Kishore,3,1
R Sai Kishore,8,1
R Sai Kishore,9,1
R Sai Kishore,10,4
R Sai Kishore,11,1
R Sai Kishore,12,4
R Sai Kishore,13,2
R Sai Kishore,14,1
R Sai Kishore,15,4
R Sai Kishore,16,1
R Sai Kishore,17,1
R Sai Kishore,18,1
R Sai Kishore,19,1
R Sathish,6,1
R Sathish,12,2
R Sathish,13,1
R Sathish,14,1
R Sathish,17,1
R Sharma,3,1
R Sharma,5,1
R Sharma,6,2
R Sharma,7,4
R Sharma,8,2
R Sharma,9,5
R Sharma,10,3
R Sharma,11,8
R Sharma,12,1
R Sharma,13,3
R Sharma,14,4
R Sharma,15,6
R Sharma,16,2
R Shepherd,3,1
R Shepherd,4,1
R Shepherd,6,1
R Shepherd,15,1
R Shepherd,18,1
R Shepherd,19,1
R Shukla,2,2
R Shukla,3,1
R Shukla,5,1
R Shukla,10,1
R Shukla,18,1
R Shukla,19,1
R Tewatia,6,5
R Tewatia,7,1
R Tewatia,8,8
R Tewatia,9,7
R Tewatia,10,2
R Tewatia,11,1
R Tewatia,12,3
R Tewatia,13,3
R Tewatia,14,2
R Tewatia,19,4
R Vinay Kumar,0,2
R Vinay Kumar,1,6
R Vinay Kumar,2,4
R Vinay Kumar,3,10
R Vinay Kumar,4,5
R Vinay Kumar,5,6
R Vinay Kumar,6,3
R Vinay Kumar,7,1
R Vinay Kumar,8,3
R Vinay Kumar,9,3
R Vinay Kumar,10,7
R Vinay Kumar,11,4
R Vinay Kumar,12,2
R Vinay Kumar,13,3
R Vinay Kumar,14,6
R Vinay Kumar,15,4
R Vinay Kumar,16,8
R Vinay Kumar,17,10
R Vinay Kumar,18,11
R Vinay Kumar,19,29
RA Jadeja,4,2
RA Jadeja,5,4
RA Jadeja,6,19
RA Jadeja,7,5
RA Jadeja,8,23
RA Jadeja,9,11
RA Jadeja,10,17
RA Jadeja,11,13
RA Jadeja,12,16
RA Jadeja,13,10
RA Jadeja,14,19
RA Jadeja,15,7
RA Jadeja,16,13
RA Jadeja,17,5
RA Jadeja,18,4
RA Jadeja,19,3
RD Chahar,2,1
RD Chahar,3,2
RD Chahar,6,6
RD Chahar,7,11
RD Chahar,8,10
RD Chahar,9,6
RD Chahar,10,10
RD Chahar,11,2
RD Chahar,12,3
RD Chahar,13,3
RD Chahar,14,7
RD Chahar,15,7
RD Chahar,16,3
RD Chahar,17,3
RD Chahar,18,1
RD Chahar,19,1
RE van der Merwe,1,1
RE van der Merwe,3,1
RE van der Merwe,4,2
RE van der Merwe,7,3
RE van der Merwe,9,2
RE van der Merwe,10,3
RE van der Merwe,11,3
RE van der Merwe,12,1
RE van der Merwe,13,1
RE van der Merwe,14,1
RE van der Merwe,15,1
RE van der Merwe,17,3
RE van der Merwe,18,3
RG More,9,1
RG Sharma,4,2
RG Sharma,6,1
RG Sharma,7,1
RG Sharma,11,1
RG Sharma,12,1
RG Sharma,13,2
RG Sharma,14,1
RG Sharma,15,5
RG Sharma,17,2
RJ Gleeson,3,1
RJ Harris,0,4
RJ Harris,1,6
RJ Harris,2,1
RJ Harris,3,2
RJ Harris,4,1
RJ Harris,9,2
RJ Harris,12,2
RJ Harris,13,1
RJ Harris,14,1
RJ Harris,15,1
RJ Harris,16,3
RJ Harris,17,4
RJ Harris,18,4
RJ Harris,19,15
RJ Peterson,13,1
RJ Peterson,15,2
RJW Topley,0,1
RJW Topley,3,1
RJW Topley,8,1
RJW Topley,16,2
RN ten Doeschate,7,1
RN ten Doeschate,8,1
RN ten Doeschate,14,1
RP Meredith,2,1
RP Meredith,5,1
RP Meredith,7,1
RP Meredith,9,1
RP Meredith,10,1
RP Meredith,12,1
RP Meredith,14,1
RP Meredith,15,3
RP Meredith,16,2
RP Meredith,17,4
RP Meredith,18,2
RP Meredith,19,3
RP Singh,0,1
RP Singh,1,11
RP Singh,2,9
RP Singh,3,8
RP Singh,4,3
RP Singh,5,3
RP Singh,6,2
RP Singh,7,3
RP Singh,13,1
RP Singh,14,4
RP Singh,15,2
RP Singh,16,9
RP Singh,17,12
RP Singh,18,12
RP Singh,19,20
RR Powar,2,1
RR Powar,4,5
RR Powar,6,2
RR Powar,8,2
RR Powar,9,1
RR Powar,14,2
RR Powar,15,1
RR Powar,18,1
RR Raje,9,2
RR Raje,10,1
RR Raje,11,2
RR Raje,14,1
RR Raje,15,1
RS Bopara,7,1
RS Bopara,8,2
RS Bopara,9,1
RS Bopara,10,1
RS Bopara,11,3
RS Bopara,13,1
RS Bopara,14,2
RS Bopara,16,1
RS Bopara,18,1
RS Hangargekar,3,1
RS Hangargekar,9,1
RS Hangargekar,17,1
RV Gomez,8,1
RV Gomez,10,2
RV Gomez,13,1
RV Gomez,15,1
RV Gomez,17,1
Ramandeep Singh,9,1
Ramandeep Singh,13,1
Ramandeep Singh,15,1
Ramandeep Singh,17,2
Ramandeep Singh,19,1
Rashid Khan,2,1
Rashid Khan,3,2
Rashid Khan,4,3
Rashid Khan,5,9
Rashid Khan,6,11
Rashid Khan,7,13
Rashid Khan,8,8
Rashid Khan,9,6
Rashid Khan,10,12
Rashid Khan,11,9
Rashid Khan,12,11
Rashid Khan,13,17
Rashid Khan,14,17
Rashid Khan,15,13
Rashid Khan,16,13
Rashid Khan,17,10
Rashid Khan,18,4
Rashid Khan,19,1
Rasikh Salam,9,1
Rasikh Salam,10,1
Rasikh Salam,12,4
Rasikh Salam,14,1
Rasikh Salam,18,3
Ravi Bishnoi,3,3
Ravi Bishnoi,6,5
Ravi Bishnoi,7,5
Ravi Bishnoi,8,6
Ravi Bishnoi,9,3
Ravi Bishnoi,10,3
Ravi Bishnoi,11,6
Ravi Bishnoi,12,5
Ravi Bishnoi,13,9
Ravi Bishnoi,14,6
Ravi Bishnoi,15,12
Ravi Bishnoi,16,3
Ravi Bishnoi,17,6
S Aravind,0,1
S Aravind,1,7
S Aravind,3,6
S Aravind,4,1
S Aravind,5,6
S Aravind,7,1
S Aravind,8,1
S Aravind,9,2
S Aravind,10,1
S Aravind,13,3
S Aravind,14,3
S Aravind,15,2
S Aravind,16,3
S Aravind,17,2
S Aravind,18,5
S Aravind,19,4
S Badree,2,5
S Badree,3,1
S Badree,4,1
S Badree,6,1
S Badree,7,2
S Badree,14,1
S Dhawan,0,1
S Dhawan,6,1
S Dhawan,12,1
S Dhawan,14,1
S Dube,9,1
S Dube,13,1
S Dube,15,1
S Dube,16,2
S Dube,18,1
S Gopal,1,3
S Gopal,2,2
S Gopal,3,2
S Gopal,5,1
S Gopal,6,2
S Gopal,7,6
S Gopal,8,9
S Gopal,9,2
S Gopal,10,8
S Gopal,11,3
S Gopal,12,5
S Gopal,13,2
S Gopal,14,2
S Gopal,15,5
S Gopal,16,1
S Kaul,1,2
S Kaul,2,1
S Kaul,3,4
S Kaul,4,3
S Kaul,5,3
S Kaul,6,2
S Kaul,7,1
S Kaul,8,1
S Kaul,9,1
S Kaul,10,1
S Kaul,11,4
S Kaul,13,3
S Kaul,14,3
S Kaul,15,5
S Kaul,16,3
S Kaul,17,4
S Kaul,18,7
S Kaul,19,15
S Kaushik,7,2
S Kaushik,8,1
S Kaushik,12,1
S Kaushik,13,1
S Kaushik,14,1
S Ladda,4,1
S Ladda,14,1
S Ladda,16,1
S Ladda,19,2
S Lamichhane,0,1
S Lamichhane,1,1
S Lamichhane,2,1
S Lamichhane,3,2
S Lamichhane,9,3
S Lamichhane,12,2
S Lamichhane,13,2
S Lamichhane,14,1
S Lamichhane,15,1
S Nadeem,1,4
S Nadeem,3,4
S Nadeem,4,1
S Nadeem,5,1
S Nadeem,6,5
S Nadeem,7,4
S Nadeem,8,3
S Nadeem,9,6
S Nadeem,10,6
S Nadeem,11,5
S Nadeem,12,1
S Nadeem,13,6
S Nadeem,14,2
S Nadeem,15,4
S Nadeem,16,2
S Narwal,0,1
S Narwal,3,2
S Narwal,5,1
S Narwal,16,1
S Narwal,18,1
S Randiv,10,1
S Randiv,11,1
S Randiv,12,1
S Randiv,13,1
S Randiv,14,1
S Randiv,15,1
S Randiv,16,1
S Randiv,18,1
S Sandeep Warrier,1,1
S Sandeep Warrier,2,2
S Sandeep Warrier,3,2
S Sandeep Warrier,4,2
S Sandeep Warrier,5,1
S Sreesanth,0,3
S Sreesanth,1,9
S Sreesanth,2,4
S Sreesanth,3,5
S Sreesanth,4,2
S Sreesanth,5,6
S Sreesanth,7,1
S Sreesanth,9,3
S Sreesanth,12,1
S Sreesanth,15,2
S Sreesanth,16,2
S Sreesanth,17,2
S Sreesanth,18,2
S Sreesanth,19,1
S Tyagi,1,2
S Tyagi,3,2
S Tyagi,5,1
S Tyagi,10,1
S Vidyut,10,1
SA Abbott,4,1
SB Bangar,3,1
SB Bangar,5,1
SB Bangar,6,1
SB Bangar,13,2
SB Bangar,15,1
SB Jakati,4,1
SB Jakati,6,7
SB Jakati,7,1
SB Jakati,8,6
SB Jakati,9,1
SB Jakati,10,6
SB Jakati,11,3
SB Jakati,12,5
SB Jakati,13,5
SB Jakati,14,4
SB Jakati,15,6
SB Jakati,16,2
SB Jakati,17,3
SB Joshi,15,1
SB Styris,5,1
SB Styris,7,1
SB Styris,15,4
SB Styris,17,1
SB Styris,19,2
SB Wagh,1,2
SB Wagh,3,1
SB Wagh,5,1
SB Wagh,17,1
SC Ganguly,6,2
SC Ganguly,7,1
SC Ganguly,8,1
SC Ganguly,9,3
SC Ganguly,11,2
SC Ganguly,13,2
SC Ganguly,14,1
SC Kuggeleijn,17,1
SC Kuggeleijn,19,1
SD Chitnis,14,1
SD Chitnis,16,1
SE Bond,0,2
SE Bond,2,1
SE Bond,4,1
SE Bond,13,1
SE Bond,14,2
SE Bond,18,2
SE Rutherford,11,1
SH Johnson,1,1
SH Johnson,12,1
SH Johnson,18,2
SH Johnson,19,1
SJ Srivastava,2,2
SJ Srivastava,4,2
SJ Srivastava,5,1
SJ Srivastava,7,1
SJ Srivastava,8,1
SJ Srivastava,9,1
SJ Srivastava,12,1
SJ Srivastava,15,3
SJ Srivastava,16,1
SJ Srivastava,18,2
SK Raina,3,1
SK Raina,5,1
SK Raina,6,1
SK Raina,7,2
SK Raina,8,1
SK Raina,9,3
SK Raina,10,2
SK Raina,11,5
SK Raina,12,2
SK Raina,13,2
SK Raina,14,2
SK Raina,16,4
SK Raina,17,1
SK Raina,19,3
SK Trivedi,2,1
SK Trivedi,4,2
SK Trivedi,5,4
SK Trivedi,6,5
SK Trivedi,7,3
SK Trivedi,8,3
SK Trivedi,9,2
SK Trivedi,10,10
SK Trivedi,11,4
SK Trivedi,12,6
SK Trivedi,13,5
SK Trivedi,14,3
SK Trivedi,15,5
SK Trivedi,16,3
SK Trivedi,17,6
SK Trivedi,18,3
SK Trivedi,19,8
SK Warne,4,1
SK Warne,6,4
SK Warne,7,6
SK Warne,8,8
SK Warne,9,3
SK Warne,10,3
SK Warne,11,4
SK Warne,12,4
SK Warne,13,6
SK Warne,14,3
SK Warne,15,9
SK Warne,16,2
SK Warne,17,3
SK Warne,18,3
SK Warne,19,1
SL Malinga,0,12
SL Malinga,1,12
SL Malinga,2,2
SL Malinga,3,3
SL Malinga,4,5
SL Malinga,5,6
SL Malinga,6,1
SL Malinga,8,1
SL Malinga,9,2
SL Malinga,10,1
SL Malinga,11,4
SL Malinga,12,9
SL Malinga,13,3
SL Malinga,14,5
SL Malinga,15,18
SL Malinga,16,14
SL Malinga,17,29
SL Malinga,18,36
SL Malinga,19,25
SM Boland,5,1
SM Boland,16,2
SM Curran,0,1
SM Curran,3,6
SM Curran,4,2
SM Curran,5,3
SM Curran,7,1
SM Curran,9,1
SM Curran,10,1
SM Curran,11,3
SM Curran,12,2
SM Curran,13,2
SM Curran,14,4
SM Curran,16,8
SM Curran,17,3
SM Curran,18,16
SM Curran,19,9
SM Harwood,5,1
SM Harwood,7,1
SM Harwood,19,1
SM Pollock,0,3
SM Pollock,2,5
SM Pollock,4,1
SM Pollock,6,1
SM Pollock,10,1
SM Pollock,14,2
SMSM Senanayake,3,2
SMSM Senanayake,4,1
SMSM Senanayake,5,1
SMSM Senanayake,7,2
SMSM Senanayake,12,1
SMSM Senanayake,15,1
SMSM Senanayake,16,1
SN Thakur,0,2
SN Thakur,1,3
SN Thakur,2,3
SN Thakur,3,4
SN Thakur,4,9
SN Thakur,5,7
SN Thakur,6,1
SN Thakur,7,2
SN Thakur,8,1
SN Thakur,9,2
SN Thakur,10,5
SN Thakur,11,3
SN Thakur,12,5
SN Thakur,14,11
SN Thakur,15,6
SN Thakur,16,11
SN Thakur,17,11
SN Thakur,18,12
SN Thakur,19,12
SP Narine,1,2
SP Narine,2,2
SP Narine,3,3
SP Narine,4,12
SP Narine,5,9
SP Narine,6,2
SP Narine,7,4
SP Narine,8,8
SP Narine,9,9
SP Narine,10,16
SP Narine,11,9
SP Narine,12,13
SP Narine,13,17
SP Narine,14,13
SP Narine,15,14
SP Narine,16,15
SP Narine,17,20
SP Narine,18,16
SP Narine,19,18
SR Watson,0,2
SR Watson,1,6
SR Watson,2,3
SR Watson,3,10
SR Watson,4,5
SR Watson,5,9
SR Watson,6,1
SR Watson,7,2
SR Watson,8,4
SR Watson,10,2
SR Watson,11,2
SR Watson,12,1
SR Watson,14,5
SR Watson,15,6
SR Watson,16,11
SR Watson,17,13
SR Watson,18,12
SR Watson,19,13
SS Agarwal,13,1
SS Cottrell,0,2
SS Cottrell,2,2
SS Cottrell,16,1
SS Cottrell,18,1
SS Mundhe,5,1
SS Sarkar,17,1
SSB Magala,15,1
ST Jayasuriya,9,2
ST Jayasuriya,10,1
ST Jayasuriya,11,2
ST Jayasuriya,12,3
ST Jayasuriya,13,3
ST Jayasuriya,14,1
ST Jayasuriya,15,1
ST Jayasuriya,19,3
STR Binny,0,3
STR Binny,1,2
STR Binny,2,1
STR Binny,3,1
STR Binny,5,1
STR Binny,6,2
STR Binny,7,3
STR Binny,8,1
STR Binny,10,1
STR Binny,11,2
STR Binny,13,6
STR Binny,14,2
STR Binny,16,1
STR Binny,17,2
SW Tait,0,2
SW Tait,3,1
SW Tait,4,2
SW Tait,5,2
SW Tait,12,3
SW Tait,14,1
SW Tait,15,1
SW Tait,16,1
SW Tait,17,3
SW Tait,18,3
SW Tait,19,7
Sachin Baby,12,1
Sachin Baby,18,2
Sandeep Sharma,0,13
Sandeep Sharma,1,7
Sandeep Sharma,2,20
Sandeep Sharma,3,8
Sandeep Sharma,4,12
Sandeep Sharma,5,4
Sandeep Sharma,6,3
Sandeep Sharma,7,6
Sandeep Sharma,8,1
Sandeep Sharma,9,3
Sandeep Sharma,10,2
Sandeep Sharma,11,2
Sandeep Sharma,12,3
Sandeep Sharma,13,4
Sandeep Sharma,14,3
Sandeep Sharma,15,9
Sandeep Sharma,16,8
Sandeep Sharma,17,12
Sandeep Sharma,18,10
Sandeep Sharma,19,28
Shahbaz Ahmed,3,1
Shahbaz Ahmed,4,1
Shahbaz Ahmed,6,1
Shahbaz Ahmed,7,2
Shahbaz Ahmed,8,2
Shahbaz Ahmed,9,1
Shahbaz Ahmed,10,2
Shahbaz Ahmed,11,2
Shahbaz Ahmed,12,2
Shahbaz Ahmed,13,3
Shahbaz Ahmed,16,4
Shahid Afridi,5,1
Shahid Afridi,6,1
Shahid Afridi,8,2
Shahid Afridi,10,1
Shahid Afridi,11,1
Shahid Afridi,14,1
Shahid Afridi,17,2
Shakib Al Hasan,0,1
Shakib Al Hasan,1,2
Shakib Al Hasan,2,4
Shakib Al Hasan,3,4
Shakib Al Hasan,4,4
Shakib Al Hasan,5,4
Shakib Al Hasan,6,5
Shakib Al Hasan,7,1
Shakib Al Hasan,8,6
Shakib Al Hasan,9,1
Shakib Al Hasan,10,5
Shakib Al Hasan,11,4
Shakib Al Hasan,12,4
Shakib Al Hasan,13,5
Shakib Al Hasan,14,7
Shakib Al Hasan,15,3
Shakib Al Hasan,16,4
Shakib Al Hasan,17,3
Shakib Al Hasan,18,2
Shakib Al Hasan,19,2
Shashank Singh,10,1
Shivam Mavi,1,2
Shivam Mavi,2,1
Shivam Mavi,3,4
Shivam Mavi,4,2
Shivam Mavi,6,3
Shivam Mavi,7,2
Shivam Mavi,8,1
Shivam Mavi,10,1
Shivam Mavi,11,1
Shivam Mavi,12,1
Shivam Mavi,16,3
Shivam Mavi,17,2
Shivam Mavi,18,6
Shivam Mavi,19,4
Shivam Sharma,8,1
Shivam Sharma,9,1
Shivam Sharma,11,1
Shivam Sharma,14,1
Shoaib Ahmed,4,1
Shoaib Ahmed,6,2
Shoaib Ahmed,9,2
Shoaib Akhtar,0,2
Shoaib Akhtar,2,1
Shoaib Akhtar,4,2
Shoaib Malik,7,1
Shoaib Malik,15,1
Sikandar Raza,8,1
Sikandar Raza,9,2
Simarjeet Singh,1,4
Simarjeet Singh,3,1
Simarjeet Singh,6,1
Simarjeet Singh,8,1
Simarjeet Singh,9,1
Simarjeet Singh,14,2
Simarjeet Singh,15,1
Simarjeet Singh,19,1
Sohail Tanvir,0,3
Sohail Tanvir,1,1
Sohail Tanvir,2,2
Sohail Tanvir,16,4
Sohail Tanvir,17,3
Sohail Tanvir,18,6
Sohail Tanvir,19,5
Suyash Sharma,2,1
Suyash Sharma,4,2
Suyash Sharma,7,1
Suyash Sharma,8,1
Suyash Sharma,12,2
Suyash Sharma,13,2
Suyash Sharma,14,2
Suyash Sharma,15,1
Suyash Sharma,17,1
Swapnil Singh,0,3
Swapnil Singh,4,2
Swapnil Singh,11,2
T Henderson,8,1
T Natarajan,3,5
T Natarajan,4,7
T Natarajan,5,5
T Natarajan,6,1
T Natarajan,9,3
T Natarajan,10,1
T Natarajan,11,2
T Natarajan,12,1
T Natarajan,13,1
T Natarajan,14,2
T Natarajan,15,5
T Natarajan,16,8
T Natarajan,17,11
T Natarajan,18,12
T Natarajan,19,12
T Shamsi,8,1
T Shamsi,14,1
T Shamsi,15,1
T Stubbs,7,1
T Stubbs,8,2
T Stubbs,12,1
T Thushara,1,1
T Thushara,2,1
T Thushara,5,1
T Thushara,6,1
T Thushara,16,1
T Thushara,17,1
T Thushara,18,1
T Thushara,19,3
TA Boult,0,32
TA Boult,1,1
TA Boult,2,18
TA Boult,3,1
TA Boult,4,9
TA Boult,5,4
TA Boult,7,1
TA Boult,8,3
TA Boult,10,1
TA Boult,11,3
TA Boult,12,5
TA Boult,13,1
TA Boult,14,1
TA Boult,15,3
TA Boult,16,3
TA Boult,17,16
TA Boult,18,12
TA Boult,19,19
TG Southee,0,10
TG Southee,1,4
TG Southee,2,4
TG Southee,3,1
TG Southee,4,1
TG Southee,5,1
TG Southee,7,1
TG Southee,8,2
TG Southee,10,3
TG Southee,12,1
TG Southee,13,1
TG Southee,14,3
TG Southee,15,1
TG Southee,16,1
TG Southee,17,8
TG Southee,18,3
TG Southee,19,12
TK Curran,5,1
TK Curran,9,1
TK Curran,13,4
TK Curran,16,1
TK Curran,17,2
TK Curran,18,3
TK Curran,19,1
TL Suman,6,1
TL Suman,8,1
TL Suman,12,1
TL Suman,14,2
TL Suman,16,2
TM Dilshan,8,2
TM Dilshan,10,1
TM Dilshan,13,1
TM Dilshan,15,1
TM Head,15,2
TM Head,17,1
TP Sudhindra,8,1
TS Mills,3,1
TS Mills,4,3
TS Mills,5,2
TS Mills,13,1
TS Mills,16,1
TS Mills,18,1
TS Mills,19,2
TU Deshpande,0,2
TU Deshpande,1,9
TU Deshpande,3,3
TU Deshpande,4,1
TU Deshpande,9,1
TU Deshpande,10,1
TU Deshpande,11,2
TU Deshpande,13,2
TU Deshpande,14,1
TU Deshpande,15,4
TU Deshpande,16,3
TU Deshpande,17,4
TU Deshpande,18,9
TU Deshpande,19,9
UT Yadav,0,12
UT Yadav,1,10
UT Yadav,2,12
UT Yadav,3,13
UT Yadav,4,7
UT Yadav,5,7
UT Yadav,6,2
UT Yadav,7,4
UT Yadav,8,5
UT Yadav,9,3
UT Yadav,10,5
UT Yadav,11,4
UT Yadav,12,3
UT Yadav,13,5
UT Yadav,14,6
UT Yadav,15,9
UT Yadav,16,9
UT Yadav,17,11
UT Yadav,18,12
UT Yadav,19,24
Umar Gul,3,1
Umar Gul,4,1
Umar Gul,5,3
Umar Gul,11,2
Umar Gul,12,1
Umar Gul,14,1
Umar Gul,18,1
Umar Gul,19,4
Umran Malik,6,2
Umran Malik,7,5
Umran Malik,8,1
Umran Malik,9,6
Umran Malik,10,1
Umran Malik,11,2
Umran Malik,12,2
Umran Malik,13,1
Umran Malik,14,4
Umran Malik,15,2
Umran Malik,19,5
V Kaverappa,2,1
V Kaverappa,4,1
V Kohli,9,1
V Kohli,11,1
V Kohli,13,2
V Kohli,17,1
V Nigam,4,1
V Nigam,5,1
V Nigam,6,1
V Nigam,9,1
V Nigam,17,1
V Pratap Singh,0,1
V Pratap Singh,2,1
V Pratap Singh,5,1
V Pratap Singh,11,2
V Pratap Singh,13,1
V Pratap Singh,15,1
V Pratap Singh,17,1
V Pratap Singh,18,1
V Pratap Singh,19,3
V Puthur,6,1
V Puthur,7,1
V Puthur,8,1
V Puthur,9,1
V Puthur,11,1
V Puthur,14,1
V Sehwag,8,1
V Sehwag,9,2
V Sehwag,14,1
V Sehwag,15,1
V Sehwag,17,1
V Shankar,6,1
V Shankar,7,1
V Shankar,8,1
V Shankar,10,3
V Shankar,11,2
V Shankar,12,1
V Shankar,15,1
V Shankar,16,1
V Shankar,18,1
V Viyaskanth,14,1
VG Arora,0,1
VG Arora,1,6
VG Arora,2,2
VG Arora,3,4
VG Arora,4,2
VG Arora,6,2
VG Arora,14,2
VG Arora,15,1
VG Arora,16,4
VG Arora,18,1
VG Arora,19,1
VR Aaron,0,1
VR Aaron,2,1
VR Aaron,3,2
VR Aaron,4,5
VR Aaron,5,6
VR Aaron,6,4
VR Aaron,7,2
VR Aaron,8,2
VR Aaron,9,1
VR Aaron,10,1
VR Aaron,11,2
VR Aaron,12,1
VR Aaron,13,1
VR Aaron,14,1
VR Aaron,15,3
VR Aaron,16,4
VR Aaron,17,1
VR Aaron,18,3
VR Aaron,19,5
VR Iyer,13,1
VR Iyer,15,1
VR Iyer,19,1
VRV Singh,5,1
VRV Singh,7,1
VRV Singh,9,3
VRV Singh,16,1
VRV Singh,17,4
VRV Singh,18,3
VRV Singh,19,3
VS Malik,0,1
VS Malik,1,1
VS Malik,2,1
VS Malik,5,1
VS Malik,6,1
VS Malik,13,1
VY Mahesh,3,1
VY Mahesh,5,3
VY Mahesh,6,1
VY Mahesh,7,1
VY Mahesh,8,1
VY Mahesh,10,1
VY Mahesh,12,2
VY Mahesh,13,1
VY Mahesh,15,1
VY Mahesh,16,1
VY Mahesh,17,2
VY Mahesh,18,2
VY Mahesh,19,5
Vijaykumar Vyshak,5,2
Vijaykumar Vyshak,7,1
Vijaykumar Vyshak,9,3
Vijaykumar Vyshak,12,2
Vijaykumar Vyshak,13,1
Vijaykumar Vyshak,14,1
Vijaykumar Vyshak,15,3
Vijaykumar Vyshak,17,1
Vijaykumar Vyshak,19,3
WA Mota,9,1
WA Mota,12,1
WA Mota,13,1
WA Mota,15,1
WD Parnell,1,4
WD Parnell,2,4
WD Parnell,3,4
WD Parnell,4,2
WD Parnell,5,2
WD Parnell,11,2
WD Parnell,14,1
WD Parnell,15,1
WD Parnell,16,2
WD Parnell,17,6
WD Parnell,18,3
WD Parnell,19,9
WG Jacks,0,1
WG Jacks,11,1
WG Jacks,14,1
WPUJC Vaas,0,3
WPUJC Vaas,1,2
WPUJC Vaas,2,8
WPUJC Vaas,3,1
WPUJC Vaas,4,3
WPUJC Vaas,13,1
WPUJC Vaas,17,1
WPUJC Vaas,19,3
Washington Sundar,0,1
Washington Sundar,1,3
Washington Sundar,2,1
Washington Sundar,3,4
Washington Sundar,5,5
Washington Sundar,7,9
Washington Sundar,8,2
Washington Sundar,9,1
Washington Sundar,10,1
Washington Sundar,11,2
Washington Sundar,12,1
Washington Sundar,13,4
Washington Sundar,14,1
Washington Sundar,15,3
Washington Sundar,17,1
Y Nagar,9,1
Y Nagar,12,2
Y Nagar,14,1
Y Prithvi Raj,12,1
Y Venugopal Rao,2,1
Y Venugopal Rao,8,1
Y Venugopal Rao,9,2
Y Venugopal Rao,10,1
Y Venugopal Rao,12,1
Y Venugopal Rao,16,1
YA Abdulla,4,5
YA Abdulla,5,2
YA Abdulla,6,1
YA Abdulla,12,1
YA Abdulla,16,1
YA Abdulla,17,1
YA Abdulla,18,2
YA Abdulla,19,2
YK Pathan,0,1
YK Pathan,1,3
YK Pathan,2,3
YK Pathan,3,3
YK Pathan,4,2
YK Pathan,5,3
YK Pathan,6,1
YK Pathan,7,5
YK Pathan,8,2
YK Pathan,9,2
YK Pathan,10,3
YK Pathan,11,5
YK Pathan,12,3
YK Pathan,13,3
YK Pathan,14,3
YK Pathan,15,1
YK Pathan,16,2
YK Pathan,19,1
YS Chahal,0,1
YS Chahal,1,2
YS Chahal,2,2
YS Chahal,3,4
YS Chahal,4,3
YS Chahal,5,6
YS Chahal,6,17
YS Chahal,7,14
YS Chahal,8,14
YS Chahal,9,12
YS Chahal,10,14
YS Chahal,11,13
YS Chahal,12,17
YS Chahal,13,17
YS Chahal,14,15
YS Chahal,15,29
YS Chahal,16,14
YS Chahal,17,12
YS Chahal,18,6
YS Chahal,19,2
Yash Dayal,1,5
Yash Dayal,2,3
Yash Dayal,3,4
Yash Dayal,5,3
Yash Dayal,6,1
Yash Dayal,10,1
Yash Dayal,11,1
Yash Dayal,12,3
Yash Dayal,14,1
Yash Dayal,15,3
Yash Dayal,16,1
Yash Dayal,17,5
Yash Dayal,18,1
Yash Dayal,19,5
Yash Thakur,3,1
Yash Thakur,4,2
Yash Thakur,5,4
Yash Thakur,11,1
Yash Thakur,13,1
Yash Thakur,14,3
Yash Thakur,16,1
Yash Thakur,17,8
Yash Thakur,18,3
Yash Thakur,19,4
Yudhvir Singh,0,1
Yudhvir Singh,2,2
Yudhvir Singh,15,1
Yuvraj Singh,6,3
Yuvraj Singh,7,2
Yuvraj Singh,8,4
Yuvraj Singh,9,3
Yuvraj Singh,10,4
Yuvraj Singh,11,5
Yuvraj Singh,12,4
Yuvraj Singh,13,5
Yuvraj Singh,14,3
Yuvraj Singh,16,1
Yuvraj Singh,17,3
Yuvraj Singh,18,2
Z Khan,0,14
Z Khan,1,6
Z Khan,2,17
Z Khan,3,8
Z Khan,4,10
Z Khan,5,3
Z Khan,6,1
Z Khan,7,2
Z Khan,12,1
Z Khan,13,1
Z Khan,14,10
Z Khan,15,3
Z Khan,16,13
Z Khan,17,7
Z Khan,18,15
Z Khan,19,8
Zeeshan Ansari,9,2
Zeeshan Ansari,10,1
Zeeshan Ansari,11,1
